participant_id,version,summary_ko
participant_RECORD_20250515__1_AUG001,v1,"본 참가자의 주요 감정은 ‘싫음’으로 분류되었습니다. 정서적으로는 부정적 반응이 나타났으나, 집중과 흥미 수준은 모두 높은 편으로 보입니다. 이는 감정적 부정 반응과 인지적 몰입 수준이 상반된 양상을 보이는 사례로 해석됩니다. 감정적 불쾌감이 존재함에도 과제 수행과 관련된 주의 집중이 유지된 것으로 보입니다."
participant_RECORD_20250515__1_AUG001,v2,"참가자는 ‘싫음’ 감정을 보고하였으나, 전반적인 뇌파 반응은 안정적인 수준으로 나타났습니다. 집중과 흥미는 높은 편이며, 스트레스는 낮은 수준으로 유지된 것으로 보입니다. 전반적으로 부정적 감정 인식에도 불구하고 인지적 안정과 몰입이 유지된 상태로 보입니다."
participant_RECORD_20250515__1_AUG001,v3,"‘싫음’ 감정이 관찰되었으나, 인지적 참여와 주의 집중은 높은 수준으로 유지된 것으로 해석됩니다. 후반 단계에서는 이완과 집중이 동시에 높게 나타나, 감정적 자극 속에서도 일정한 조절이 이루어진 것으로 보입니다. 흥미와 각성 또한 높은 편으로, 외부 자극에 대한 반응성과 주의 지속이 병행된 반응으로 해석됩니다. 이러한 결과는 정서적 부정 반응과 인지적 조절 체계 간의 상호작용이 안정적으로 작동한 것으로 보입니다."
participant_RECORD_20250515__1_AUG001,v4,"주요 감정은 ‘싫음’으로 분류됩니다. 스트레스는 낮은 편이며, 흥미와 집중은 높은 수준으로 유지된 것으로 보입니다. 이완은 초기에는 낮았으나 후반 단계에서 높게 나타난 것으로 해석됩니다. 각성은 전반적으로 높은 수준을 보입니다. 전반적으로 낮은 스트레스와 높은 집중이 동반된 안정적 상태로 평가됩니다."
participant_RECORD_20250515__1_AUG002,v1,"주요 감정은 ‘두려움’으로 분류되었으나, 집중과 흥미 수준은 전반적으로 높은 편으로 보입니다. 정서적 긴장은 낮은 편이며, 인지적 참여는 일정하게 유지된 것으로 해석됩니다. 감정적 불안 요인이 존재하더라도 주의 집중과 과제 수행이 안정적으로 유지된 것으로 보입니다."
participant_RECORD_20250515__1_AUG002,v2,"참가자는 ‘두려움’ 감정을 나타냈으나, 전반적인 스트레스 수준은 낮고 집중과 흥미는 높은 편으로 해석됩니다. 이완 지표가 마지막에 급격히 상승하며 급진적인 안정 과정이 이루어진 것으로 보입니다. 감정적 자극이 있었음에도 인지적 몰입과 정서적 안정이 함께 유지된 긍정적 반응으로 해석됩니다."
participant_RECORD_20250515__1_AUG002,v3,"‘두려움’ 감정 상태에서 인지적 집중과 흥미가 높은 수준으로 유지되어, 인지적 조절이 원활하게 작동한 것으로 해석됩니다. 후반 단계에서 이완과 각성이 동시에 높게 나타나, 정서적 긴장 완화와 집중의 공존이 확인됩니다. 이러한 반응은 두려움 자극 상황에서 인지적 통제 체계가 안정적으로 작동한 사례로 보입니다."
participant_RECORD_20250515__1_AUG002,v4,"주요 감정은 ‘두려움’으로 분류됩니다. 스트레스는 낮은 편이며, 집중과 흥미는 높은 수준으로 유지된 것으로 보입니다. 이완과 각성은 후반 단계에서 함께 높게 나타난 것으로 해석됩니다. 전반적으로 안정적이며 인지적 몰입이 유지된 상태로 보입니다."
participant_RECORD_20250515__1_AUG003,v1,"주요 감정은 ‘기쁨’으로 분류되었으며, 각성 및 집중 수준은 높은 편으로 나타났습니다. 이완 수준은 초반에는 낮았으나 후반 단계에서 높아지는 변화가 확인됩니다. 정서적으로는 긍정적 반응이지만, 흥미가 후반부에 다소 감소하여 감정적 고양과 인지적 안정 간의 차이가 나타난 것으로 해석됩니다."
participant_RECORD_20250515__1_AUG003,v2,"참가자는 ‘기쁨’ 상태에서 전반적으로 긍정적이고 안정된 반응을 보인 것으로 해석됩니다. 집중과 각성은 높은 수준으로 유지되며, 이완은 후반 단계에서 상승해 균형이 형성된 것으로 보입니다. 감정적 활력과 인지적 조절이 조화를 이루어 전반적인 심리적 안정 상태로 평가됩니다."
participant_RECORD_20250515__1_AUG003,v3,"‘기쁨’ 감정 상태에서 높은 각성과 집중이 관찰되었으며, 이는 정서적 활력과 몰입이 동반된 반응으로 해석됩니다. 후반 단계에서 이완이 상승하면서 정서적 안정과 인지적 조절이 병행된 흐름이 형성되었습니다. 감정적 고양과 인지적 안정이 순차적으로 조화된 패턴으로 보입니다."
participant_RECORD_20250515__1_AUG003,v4,"주요 감정은 ‘기쁨’으로 분류됩니다. 집중과 각성은 높은 수준이며, 스트레스는 낮은 편으로 보입니다. 이완은 후반 단계에서 상승하여 안정된 흐름이 나타납니다. 전반적으로 긍정적이며 조화로운 반응으로 해석됩니다."
participant_RECORD_20250515__1_AUG004,v1,"주요 감정은 ‘싫음’으로 분류되었으며, 이는 너무 싫은 감정이 허리까지 차오르는 수준으로 해석됩니다. 정서적으로는 부정적이지만, 집중과 흥미는 높은 편으로 나타나 상반된 반응이 관찰됩니다. 감정적 거부감 속에서도 인지적 몰입이 유지되어, 정서와 인지 반응 간의 분리가 이루어진 것으로 보입니다."
participant_RECORD_20250515__1_AUG004,v2,"참가자는 ‘싫음’ 감정을 경험하였으나, 그 강도는 너무 싫은 정도로 허리까지 차오르는 수준으로 해석됩니다. 전반적인 스트레스는 낮고, 집중과 흥미는 높은 편으로 안정된 인지 조절이 이루어진 것으로 보입니다. 감정적 자극에도 주의 집중이 지속되어 전반적으로 안정적이고 긍정적인 반응으로 평가됩니다."
participant_RECORD_20250515__1_AUG004,v3,"‘싫음’ 상태에서 정서적 강도는 너무 싫은 정도 였지만, 후반 단계에서 싫증나는 감정이 허리까지 차오르는 수준으로 조금 완화된 것으로 보입니다. 이완이 상승하고 집중이 유지되어, 정서적 자극에 대한 인지적 조절이 원활하게 작동한 것으로 해석됩니다. 정서적 부정 반응과 인지적 통제 체계가 균형적으로 작동한 안정적 흐름으로 보입니다."
participant_RECORD_20250515__1_AUG004,v4,"주요 감정은 ‘싫음’이며, 너무 싫은 감정이 허리까지 차오르는 수준으로 해석됩니다. 스트레스는 낮고, 집중과 흥미는 높은 수준으로 유지되었습니다. 이완은 후반 단계에서 상승하여 안정적인 조절 흐름이 나타납니다. 전반적으로 감정 강도는 완화되었으며, 인지적 몰입이 유지된 것으로 보입니다."
participant_RECORD_20250515__1_AUG005,v1,"주요 감정은 ‘화남’으로 분류되었으며, 이는 섭섭한 감정이 발목까지 차오르는 수준으로 해석됩니다. 정서적으로는 부정적 감정이 약하게 나타났으나, 집중과 각성은 높은 수준으로 유지되어 상반된 경향이 관찰됩니다. 감정의 강도는 낮지만 인지적 활동은 활발하여, 정서적 자극보다 과제 수행이 우세한 상태로 보입니다."
participant_RECORD_20250515__1_AUG005,v2,"참가자는 ‘화남’ 감정을 보였으나, 그 강도는 섭섭한 정도로 발목까지 차오르는 수준으로 해석됩니다. 스트레스는 낮고 집중과 각성은 높은 편으로, 인지적 안정이 잘 유지된 것으로 보입니다. 감정적 자극에도 불구하고 몰입과 조절이 이루어져 긍정적인 반응 흐름으로 해석됩니다."
participant_RECORD_20250515__1_AUG005,v3,"‘화남’ 상태는 섭섭한 감정이 발목까지 차오르는 수준으로 비교적 낮게 나타났습니다. 집중이 높게 유지되었고 스트레스는 낮은 것으로 보아, 정서적 긴장보다는 인지적 조절이 우세하게 작동한 것으로 해석됩니다. 전반적으로 감정적 자극이 약한 상태에서 주의집중이 강화된 안정적 흐름이 확인됩니다."
participant_RECORD_20250515__1_AUG005,v4,"주요 감정은 ‘화남’으로 분류됩니다. 감정 강도는 섭섭한 수준으로 발목까지 차오르는 정도로 해석됩니다. 스트레스는 낮고, 집중과 각성은 높은 편입니다. 전반적으로 감정 반응은 약하며, 인지적 안정이 유지된 상태로 보입니다."
participant_RECORD_20250515__1_AUG006,v1,"주요 감정은 ‘싫음’으로 분류되었으며, 이는 싫증나는 감정이 허리까지 차오르는 수준으로 해석됩니다. 정서적으로는 부정적인 반응이 있으나, 흥미와 집중은 높은 편으로 나타나 상반된 경향이 관찰됩니다. 감정적 거부감이 존재함에도 불구하고 인지적 몰입이 유지되어, 정서와 인지 간의 균형적 분리가 이루어진 것으로 보입니다."
participant_RECORD_20250515__1_AUG006,v2,"참가자는 ‘싫음’ 감정을 경험하였으나, 그 강도는 싫증나는 정도로 허리까지 차오르는 수준으로 해석됩니다. 스트레스는 낮고 집중과 흥미가 높게 유지되어, 안정된 인지적 조절이 이루어진 것으로 보입니다. 감정적 자극이 있었음에도 주의와 몰입이 지속되어 긍정적인 반응 흐름으로 평가됩니다."
participant_RECORD_20250515__1_AUG006,v3,"‘싫음’ 감정은 싫증나는 정도로 허리까지 차오르는 수준으로 유지되었습니다. 높은 집중을 보였으며, 감정적 자극을 조절하며 몰입 상태를 안정적으로 유지한 것으로 해석됩니다. 정서적 불쾌감과 인지적 통제 체계가 조화된 반응 흐름이 확인됩니다."
participant_RECORD_20250515__1_AUG006,v4,"주요 감정은 ‘싫음’으로 분류됩니다. 감정 강도는 싫증나는 수준으로 허리까지 차오르는 정도로 해석됩니다. 스트레스는 낮으며, 집중과 흥미는 높은 수준으로 유지되었습니다. 전반적으로 인지적 조절이 안정적으로 이루어진 상태로 보입니다."
participant_RECORD_20250515__1_AUG007,v1,"주요 감정은 ‘기쁨’으로 분류되었으며, 이는 편안한 감정이 무릎까지 차오르는 수준으로 해석됩니다. 정서적으로 긍정적이지만, 후반 단계에서 흥미는 낮아지고 집중은 매우 높게 유지되어 상반된 패턴이 확인됩니다. 감정적 안정 속에서도 인지적 몰입이 강화된 상태로 보입니다."
participant_RECORD_20250515__1_AUG007,v2,"참가자는 ‘기쁨’을 느끼고 있으며, 그 강도는 편안한 수준으로 무릎까지 차오르는 정도로 해석됩니다. 스트레스가 낮게 유지되어 안정적인 정서 흐름이 나타납니다. 집중이 매우 높게 유지되어 긍정적 몰입 상태로 평가됩니다."
participant_RECORD_20250515__1_AUG007,v3,"‘기쁨’ 감정은 편안한 수준으로 무릎까지 차오르는 정도로 유지되며, 전반적으로 안정적인 정서 흐름이 확인됩니다. 후반 단계에서 이완이 높고 집중이 매우 높아, 정서적 안정과 인지적 몰입이 조화를 이룬 상태로 해석됩니다. 긍정적 감정과 몰입이 동시에 지속된 자연스러운 플로우 상태로 보입니다."
participant_RECORD_20250515__1_AUG007,v4,"주요 감정은 ‘기쁨’으로 분류됩니다. 감정 강도는 편안한 수준으로 무릎까지 차오르는 정도로 해석됩니다. 스트레스는 낮고, 집중은 높은 수준으로 유지되었습니다. 후반에 갑작스러운 이완이 증가한 특징이 있습니다. 전반적으로 안정적이고 긍정적인 상태로 보입니다."
participant_RECORD_20250515__1_AUG008,v1,"주요 감정은 ‘놀람’으로 분류되었으며, 이는 깜짝 놀란 감정이 발목까지 차오르는 수준으로 해석됩니다. 정서적으로는 자극적인 반응이 나타났으며, 높은 집중이 유지되다가 후반에 이완이 급격히 높아지는 패턴이 확인됩니다. 놀람 반응 이후에도 인지적 안정이 빠르게 회복된 것으로 보입니다."
participant_RECORD_20250515__1_AUG008,v2,"참가자는 ‘놀람’을 경험하였으나, 그 강도는 깜짝 놀란 정도로 발목까지 차오르는 수준으로 해석됩니다. 스트레스는 낮고 이완은 마지막에 급격히 높아진 편으로, 전반적인 안정이 유지된 것으로 보입니다. 감정적 자극 후에도 주의 집중이 유지되어 긍정적인 회복 반응이 나타난 것으로 평가됩니다."
participant_RECORD_20250515__1_AUG008,v3,"‘놀람’ 감정은 깜짝 놀란 수준으로 발목까지 차오르는 정도로 나타났습니다. 후반 단계에서 이완이 높고 집중이 유지되어, 감정적 각성 이후 안정적 회복이 이루어진 흐름으로 해석됩니다. 이는 정서적 자극에 대한 조절 기제가 원활히 작동한 사례로 보입니다."
participant_RECORD_20250515__1_AUG008,v4,"주요 감정은 ‘놀람’으로 분류됩니다. 감정 강도는 깜짝 놀란 수준으로 발목까지 차오르는 정도로 해석됩니다. 스트레스는 낮고, 이완은 후반에 상승했으며, 집중은 일정하게 유지되었습니다. 전반적으로 자극 후 안정된 회복 반응이 나타난 것으로 보입니다."
participant_RECORD_20250515__1_AUG009,v1,"주요 감정은 ‘슬픔’으로 분류되었으며, 이는 절망적인 감정이 발목까지 차오르는 수준으로 해석됩니다. 이완은 초중반에 낮았으나 후반 단계에서만 급격히 상승한 것으로 보입니다. 정서적으로 부정적인 반응이 있었지만, 집중과 흥미는 전반적으로 높은 수준을 유지한 것으로 해석됩니다."
participant_RECORD_20250515__1_AUG009,v2,"참가자는 ‘슬픔’을 경험하였으나, 그 강도는 절망적인 수준이었지만 후반에는 발목까지 차오르는 정도로 낮아진 것으로 보입니다. 이완은 후반에만 급격히 상승하여 안정 회복이 이루어진 것으로 보입니다. 집중과 흥미가 전반적으로 높게 유지되어, 감정적 저하 속에서도 몰입이 지속된 긍정적 반응으로 해석됩니다."
participant_RECORD_20250515__1_AUG009,v3,"‘슬픔’ 감정은 절망적인 감정이 발목까지 차오르는 수준으로 나타났으며, 이완은 후반 단계에서만 급격히 상승한 것으로 보입니다. 전반적으로 집중과 흥미가 높은 수준으로 유지되어, 감정적 저하 속에서도 인지적 조절이 이루어진 것으로 해석됩니다. 이는 감정적 하강 이후 안정적 회복 흐름이 형성된 사례로 보입니다."
participant_RECORD_20250515__1_AUG009,v4,"주요 감정은 ‘슬픔’으로 분류됩니다. 감정 강도는 절망적인 수준으로 발목까지 차오르는 정도로 해석됩니다. 이완은 후반 단계에서만 급격히 상승하였으며, 집중과 흥미는 높은 수준으로 유지되었습니다. 전반적으로 부정적 감정 이후 안정적 회복이 이루어진 상태로 보입니다."
participant_RECORD_20250515__1_AUG010,v1,"주요 감정은 ‘놀람’으로 분류되었으며, 이는 긴장되는 감정이 온 몸을 가득 채운 수준으로 해석됩니다. 이완은 중반에 높았으나 후반 단계에서 급격히 감소한 것으로 보입니다. 중반에는 강한 각성과 몰입이 형성되었으나, 이후 감정적 긴장과 에너지 저하가 동반된 것으로 해석됩니다."
participant_RECORD_20250515__1_AUG010,v2,"참가자는 ‘놀람’을 경험하였으며, 그 강도는 긴장되는 수준으로 온 몸을 가득 채운 정도로 해석됩니다. 이완이 중반에 높았다가 후반에 급격히 낮아져 일시적 긴장 완화 후 피로가 나타난 것으로 보입니다.
전반적으로 감정적 자극이 컸으나, 일시적인 안정 구간이 존재한 점에서 일정한 조절 능력이 확인됩니다."
participant_RECORD_20250515__1_AUG010,v3,"‘놀람’ 감정은 긴장되는 수준으로 온 몸을 가득 채운 상태로 관찰되었습니다. 이완은 중반 구간에서 상승했다가 후반 단계에서 급격히 저하되는 역전된 흐름을 보였습니다. 이는 감정적 각성 이후 에너지 소모에 따른 안정성 저하로, 불균형한 정서 흐름으로 해석됩니다."
participant_RECORD_20250515__1_AUG010,v4,"주요 감정은 ‘놀람’으로 분류됩니다. 감정 강도는 긴장되는 수준으로 온 몸을 가득 채운 정도로 해석됩니다. 이완은 중반에 높았다가 후반에 급격히 낮아졌으며, 각성은 중반에 가장 높았습니다. 전반적으로 일시적 안정 이후 감정적 에너지 저하가 나타난 것으로 보입니다."
participant_RECORD_20250515__1_AUG011,v1,"주요 감정은 ‘놀람’으로 분류되었으며, 이는 긴장되는 감정이 무릎까지 차오르는 수준으로 해석됩니다. 이완은 전반적으로 보통 수준을 유지하였으나, 각성과 집중은 구간별로 큰 변동을 보였습니다. 중간 단계에서 인지적 활동이 급격히 낮아졌음에도, 후반에는 흥미와 집중이 다시 높아지는 상반된 흐름이 확인됩니다."
participant_RECORD_20250515__1_AUG011,v2,"참가자는 ‘놀람’을 경험하였으며, 그 강도는 긴장되는 수준으로 무릎까지 차오르는 정도로 해석됩니다. 이완은 일정하게 유지되며, 후반부에 흥미와 집중이 높아져 안정된 회복 반응이 관찰됩니다. 감정적 변동이 있었지만 결과적으로 주의와 몰입이 회복된 긍정적 흐름으로 보입니다."
participant_RECORD_20250515__1_AUG011,v3,"‘놀람’ 감정은 긴장되는 수준으로 무릎까지 차오르는 상태로 관찰되었습니다. 이완은 일정 수준으로 유지되었고, 중반에 인지적 저하가 발생한 뒤 후반에서 흥미와 집중이 회복되는 비선형적 흐름이 나타났습니다. 이는 감정적 자극 후 재몰입 과정이 일어난 복합적 반응으로 해석됩니다."
participant_RECORD_20250515__1_AUG011,v4,"주요 감정은 ‘놀람’으로 분류됩니다. 감정 강도는 긴장되는 수준으로 무릎까지 차오르는 정도로 해석됩니다. 이완은 전반적으로 보통이며, 중반에 인지적 저하 후 후반에서 집중과 흥미가 높아졌습니다. 전반적으로 자극 후 회복과 재집중이 이루어진 흐름으로 보입니다."
participant_RECORD_20250515__1_AUG012,v1,"주요 감정은 ‘화남’으로 분류되었으며, 이는 분노로 가득찬 감정이 발목까지 차오르는 수준으로 해석됩니다. 이완은 전 구간에서 낮게 유지되어, 긴장 상태가 지속된 것으로 보입니다. 흥미와 집중은 보통 수준으로 나타나, 감정적 긴장에 비해 인지적 몰입이 제한된 양상을 보입니다."
participant_RECORD_20250515__1_AUG012,v2,"참가자는 ‘화남’을 경험하였으나, 그 강도는 분노로 가득찬 수준이 발목까지 차오르는 정도로 해석됩니다. 이완이 낮고 스트레스가 높은 상태였으나, 집중과 참여가 일정 수준 유지된 점은 인지적 조절 의지를 시사합니다. 감정적 긴장이 지속되었지만, 일정한 주의 수준이 확보된 점에서 최소한의 안정 흐름이 나타납니다."
participant_RECORD_20250515__1_AUG012,v3,"‘화남’ 감정은 분노로 가득찬 수준이 발목까지 차오르는 상태로 관찰되었습니다. 이완은 전 구간에서 낮고 스트레스는 높게 유지되어, 전반적인 교감 신경계 항진 상태로 해석됩니다. 집중과 흥미가 일정 수준 유지되어, 감정적 긴장 속에서도 제한적 인지 조절이 이루어진 것으로 보입니다."
participant_RECORD_20250515__1_AUG012,v4,"주요 감정은 ‘화남’으로 분류됩니다. 감정 강도는 분노로 가득찬 수준으로 발목까지 차오르는 정도로 해석됩니다. 스트레스는 높고, 이완은 전반적으로 낮은 수준으로 유지되었습니다. 인지적 집중은 보통 수준이며, 긴장 상태가 지속된 것으로 보입니다."
participant_RECORD_20250515__1_AUG013,v1,"주요 감정은 ‘놀람’으로 분류되었으며, 이는 긴장되는 감정이 발목까지 차오르는 수준으로 해석됩니다. 초반에는 이완과 각성이 모두 높았으나, 중반에서 급격히 낮아졌다가 후반에 다시 보통 수준으로 회복된 것으로 보입니다. 감정적 각성과 안정 반응이 교차하며, 정서적 반응과 인지적 조절 간의 불균형이 일시적으로 나타난 것으로 해석됩니다."
participant_RECORD_20250515__1_AUG013,v2,"참가자는 ‘놀람’을 경험하였으며, 그 강도는 긴장되는 수준으로 발목까지 차오르는 정도로 해석됩니다. 이완은 초반에 높았으나 중반에 급격히 낮아졌다가 후반에 다시 회복된 것으로 보입니다. 강한 자극 속에서도 최종적으로 안정이 회복되어 긍정적인 정서 흐름으로 평가됩니다."
participant_RECORD_20250515__1_AUG013,v3,"‘놀람’ 감정은 긴장되는 수준으로 발목까지 차오르는 상태로 관찰되었습니다. 이완은 초반에 높았다가 중반에서 급격히 저하되고 후반에서 부분적으로 회복되어, 비선형적 정서 흐름이 나타났습니다. 이는 감정적 각성 후 조절 과정이 반복된 복합적 정서 반응으로 해석됩니다."
participant_RECORD_20250515__1_AUG013,v4,"주요 감정은 ‘놀람’으로 분류됩니다. 감정 강도는 긴장되는 수준으로 발목까지 차오르는 정도로 해석됩니다. 이완은 초반에 높고 중반에 낮았다가 후반에 보통 수준으로 회복되었습니다. 전반적으로 감정적 자극과 안정 회복이 반복된 흐름으로 보입니다."
participant_RECORD_20250515__1_AUG014,v1,"주요 감정은 ‘슬픔’으로 분류되었으며, 이는 슬픈 감정이 허리까지 차오르는 수준으로 해석됩니다. 스트레스가 높게 나타난 반면, 이완은 전 구간에서 낮은 수준으로 유지되었습니다. 정서적 긴장이 지속되는 가운데, 인지적 집중과 몰입이 충분히 이루어지지 못한 불균형 상태로 보입니다."
participant_RECORD_20250515__1_AUG014,v2,"참가자는 ‘슬픔’을 경험하였으며, 그 강도는 슬픈 수준으로 허리까지 차오르는 정도로 해석됩니다. 이완이 낮고 스트레스가 높게 유지되었으나, 감정이 일정하게 유지되어 급격한 불안정은 보이지 않았습니다. 정서적 긴장 속에서도 반응이 안정적으로 지속된 점에서 일정한 감정 조절이 이루어진 것으로 보입니다."
participant_RECORD_20250515__1_AUG014,v3,"‘슬픔’ 감정은 슬픈 수준으로 허리까지 차오르는 상태로 관찰되었습니다. 이완은 전반적으로 낮고 스트레스는 높게 유지되어, 전형적인 감정적 긴장 상태가 지속된 것으로 해석됩니다. 이는 정서적 각성과 인지적 억제 사이의 불균형이 나타난 사례로 보입니다."
participant_RECORD_20250515__1_AUG014,v4,"주요 감정은 ‘슬픔’으로 분류됩니다. 감정 강도는 슬픈 수준으로 허리까지 차오르는 정도로 해석됩니다. 스트레스는 높고, 이완은 낮은 수준으로 유지되었습니다. 전반적으로 감정적 긴장이 지속된 상태로 보입니다."
participant_RECORD_20250515__1_AUG015,v1,"주요 감정은 ‘싫음’으로 분류되었으며, 이는 너무 싫은 감정이 가슴까지 차오르는 수준으로 해석됩니다. 이완은 초중반에 높았으나 후반 단계에서 급격히 낮아진 것으로 보입니다. 초기에는 높은 집중과 흥미가 유지되었지만, 후반으로 갈수록 감정적 피로와 인지적 저하가 함께 나타난 것으로 해석됩니다."
participant_RECORD_20250515__1_AUG015,v2,"참가자는 ‘싫음’을 경험하였으며, 그 강도는 너무 싫은 정도로 가슴까지 차오르는 수준으로 해석됩니다. 이완은 중반까지 높았다가 후반 단계에서 낮아진 것으로 보입니다. 전반적으로 감정적 자극이 있었으나, 일정 기간 높은 집중이 유지된 점에서 인지적 안정이 일시적으로 확보된 것으로 평가됩니다."
participant_RECORD_20250515__1_AUG015,v3,"‘싫음’ 감정은 너무 싫은 정도로 가슴까지 차오르는 상태로 관찰되었습니다. 이완은 중반까지 높았다가 후반 단계에서 급격히 저하된 흐름을 보여, 피로 누적이나 감정 소진으로 인한 반응 저하가 나타난 것으로 해석됩니다. 초반의 높은 몰입과 흥미가 점차 완화되는 전형적인 정서적 소모 패턴으로 보입니다."
participant_RECORD_20250515__1_AUG015,v4,"주요 감정은 ‘싫음’으로 분류됩니다. 감정 강도는 너무 싫은 수준으로 가슴까지 차오르는 정도로 해석됩니다. 이완은 중반에 높았다가 후반에 급격히 낮아졌으며, 집중과 흥미는 초반에 높게 유지되었습니다. 전반적으로 감정적 피로가 후반에 나타난 흐름으로 보입니다."
participant_RECORD_20250515__1_AUG016,v1,"주요 감정은 ‘슬픔’으로 분류되었으며, 이는 걱정되는 감정이 온 몸을 가득 채운 수준으로 해석됩니다. 이완은 초반에 매우 높았다가 점차 낮아지는 변화를 보였으며, 각성은 후반에서 다소 상승한 것으로 나타났습니다. 정서적으로 안정된 구간과 긴장된 구간이 교차하며, 감정적 회복과 자극 반응이 혼재된 흐름으로 보입니다."
participant_RECORD_20250515__1_AUG016,v2,"참가자는 ‘슬픔’을 경험하였으며, 그 강도는 걱정되는 수준으로 온 몸을 가득 채운 정도로 해석됩니다. 이완은 전반적으로 높게 유지되며 안정된 정서 흐름을 보였으나, 후반에 약간의 긴장 반응이 동반된 것으로 보입니다. 전반적으로 평온함이 유지되었으며, 감정적 조절이 비교적 원활히 이루어진 것으로 평가됩니다."
participant_RECORD_20250515__1_AUG016,v3,"‘슬픔’ 감정은 걱정되는 수준으로 온 몸을 가득 채운 상태로 관찰되었습니다. 초반의 높은 이완이 중반에 완만히 감소하고 후반에서 각성이 상승하는 양상이 나타나, 안정 상태에서 자극 반응으로 이동하는 흐름이 확인됩니다. 정서적 안정성과 각성 반응이 순차적으로 전환된 복합적 정서 패턴으로 해석됩니다."
participant_RECORD_20250515__1_AUG016,v4,"주요 감정은 ‘슬픔’으로 분류됩니다. 감정 강도는 걱정되는 수준으로 온 몸을 가득 채운 정도로 해석됩니다. 이완은 초반에 매우 높고 중반 이후 낮아졌으며, 각성은 후반에 상승했습니다. 전반적으로 안정과 긴장이 교차한 정서 흐름이 나타난 것으로 보입니다."
participant_RECORD_20250515__1_AUG017,v1,"주요 감정은 ‘화남’으로 분류되었으며, 이는 화나는 감정이 허리까지 차오르는 수준으로 해석됩니다. 초반에는 집중과 흥미가 매우 높았으나, 이완이 낮고 스트레스가 높아 정서적 긴장이 동반된 것으로 보입니다. 시간이 지남에 따라 각성은 완화되었지만 이완이 크게 낮아져, 감정적 긴장과 인지적 피로가 병행된 상태로 해석됩니다."
participant_RECORD_20250515__1_AUG017,v2,"참가자는 ‘화남’을 경험하였으며, 그 강도는 화나는 정도로 허리까지 차오르는 수준으로 해석됩니다. 초반에는 높은 집중과 흥미가 나타났으나, 스트레스가 높은 상태가 유지된 것으로 보입니다. 감정적 긴장이 존재했지만, 전반적으로 중반에 집중이 부족했다가 후반에 회복한 점에서 인지적 조절이 일부 작동한 것으로 평가됩니다."
participant_RECORD_20250515__1_AUG017,v3,"‘화남’ 감정은 화나는 수준으로 허리까지 차오르는 상태로 관찰되었습니다. 초반에는 높은 흥미와 집중이 동반된 각성 상태였으나, 중반 이후 이완이 낮아지고 스트레스가 다시 상승하는 흐름이 나타났습니다. 이는 감정적 긴장이 완전히 해소되지 못한 채 인지적 피로로 이어진 정서적 불균형 패턴으로 해석됩니다."
participant_RECORD_20250515__1_AUG017,v4,"주요 감정은 ‘화남’으로 분류됩니다. 감정 강도는 화나는 수준으로 허리까지 차오르는 정도로 해석됩니다. 초반에는 높은 집중과 흥미가 있었으며, 이완과 스트레스는 변동성을 보였습니다. 전반적으로 긴장과 몰입이 동시에 나타난 복합적 반응으로 보입니다."
participant_RECORD_20250515__1_AUG018,v1,"주요 감정은 ‘슬픔’으로 분류되었으며, 이는 속상한 감정이 무릎까지 차오르는 수준으로 해석됩니다. 이완은 중반까지 보통 수준으로 유지되었으나, 후반 단계에서 낮아진 것으로 보입니다. 정서적 긴장이 마지막에 갑작스럽게 강화되며, 감정적 저하와 함께 인지적 몰입이 약화된 흐름이 확인됩니다."
participant_RECORD_20250515__1_AUG018,v2,"참가자는 ‘슬픔’을 경험하였으며, 그 강도는 속상한 수준으로 무릎까지 차오르는 정도로 해석됩니다. 이완이 중반에 보통 수준이었다가 후반에 낮아진 것으로 보입니다. 감정적 하락이 있었지만 전반적으로 감정적 하락이 있었으며 불안정 상태로 보입니다."
participant_RECORD_20250515__1_AUG018,v3,"‘슬픔’ 감정은 속상한 수준으로 무릎까지 차오르는 상태로 관찰되었습니다. 이완은 중반까지 안정적이었으나, 후반에서 감소하며 감정적 긴장이 강화된 양상이 나타났습니다. 이는 정서적 안정 이후 점진적 피로와 긴장으로 전환된 패턴으로 해석됩니다."
participant_RECORD_20250515__1_AUG018,v4,"주요 감정은 ‘슬픔’으로 분류됩니다. 감정 강도는 속상한 수준으로 무릎까지 차오르는 정도로 해석됩니다. 이완은 중반까지 보통이었으나 후반 단계에서 낮아졌으며, 스트레스는 상승했습니다. 전반적으로 감정적 긴장이 강화된 흐름으로 보입니다."
participant_RECORD_20250515__1_AUG019,v1,"주요 감정은 ‘놀람’으로 분류되었으며, 이는 어이가 없는 감정이 가슴까지 차오르는 수준으로 해석됩니다. 초반에는 스트레스와 각성이 높게 나타났으나, 이완은 후반으로 갈수록 점진적으로 상승한 것으로 보입니다. 감정적 긴장과 인지적 저하가 관찰되며, 자극 이후 안정으로 이동하는 흐름이 관찰됩니다."
participant_RECORD_20250515__1_AUG019,v2,"참가자는 ‘놀람’을 경험하였으며, 그 강도는 어이가 없는 수준으로 가슴까지 차오르는 정도로 해석됩니다. 스트레스는 초기에는 높았으나 점차 완화되었고, 이완은 중·후반에 상승하며 안정 회복이 이루어진 것으로 보입니다. 감정적 자극이 있었지만 일정한 조절 능력이 유지된 긍정적인 회복 흐름으로 평가됩니다."
participant_RECORD_20250515__1_AUG019,v3,"‘놀람’ 감정은 어이가 없는 수준으로 가슴까지 차오르는 상태로 관찰되었습니다. 이완은 초반에 낮고 후반에 상승하며, 스트레스는 급격히 감소하는 정서 흐름이 확인됩니다. 이는 강한 자극 이후 점진적인 정서 안정으로 이어진 회복형 반응으로 해석됩니다."
participant_RECORD_20250515__1_AUG019,v4,"주요 감정은 ‘놀람’으로 분류됩니다. 감정 강도는 어이가 없는 수준으로 가슴까지 차오르는 정도로 해석됩니다. 스트레스는 초기 높고 후반에 완화되었으며, 이완은 점차 상승했습니다. 전반적으로 자극 이후 안정으로 전환된 흐름이 나타났습니다."
participant_RECORD_20250515__1_AUG020,v1,"주요 감정은 ‘놀람’으로 분류되었으며, 이는 깜짝 놀란 감정이 무릎까지 차오르는 수준으로 해석됩니다. 초반에는 스트레스와 집중이 보통 수준이었으나, 후반 단계에서 스트레스가 상승하고 이완이 감소한 것으로 보입니다. 이는 감정적 긴장과 인지적 안정이 반대 방향으로 움직이며 균형이 일시적으로 깨진 상태로 해석됩니다."
participant_RECORD_20250515__1_AUG020,v2,"참가자는 ‘놀람’을 경험하였으며, 그 강도는 깜짝 놀란 정도로 무릎까지 차오르는 수준으로 해석됩니다. 이완은 중반까지 안정적으로 유지되었으나 후반에 낮아지며 긴장이 일시적으로 증가한 것으로 보입니다. 전반적으로 자극 반응이 있었으며 중간에 인지 기능이 유지되지 못했던 것으로 평가됩니다."
participant_RECORD_20250515__1_AUG020,v3,"‘놀람’ 감정은 깜짝 놀란 수준으로 무릎까지 차오르는 상태로 관찰되었습니다. 이완은 중반까지 유지되다가 후반에서 감소하며 각성이 상승한 흐름을 보였습니다. 이는 정서적 자극에 따른 긴장 반응이 일시적으로 강화된 비선형적 패턴으로 해석됩니다."
participant_RECORD_20250515__1_AUG020,v4,"주요 감정은 ‘놀람’으로 분류됩니다. 감정 강도는 깜짝 놀란 수준으로 무릎까지 차오르는 정도로 해석됩니다. 이완은 중반까지 안정되었다가 후반 단계에서 낮아졌으며, 스트레스는 상승했습니다. 전반적으로 일시적 긴장이 강화된 흐름이 나타났습니다."
participant_RECORD_20250515__1_AUG021,v1,"주요 감정은 ‘싫음’으로 분류되었으며, 이는 역겨운 감정이 발목까지 차오르는 수준으로 해석됩니다. 초반에는 각성이 매우 높았으나, 이완은 보통 수준으로 유지되어 정서적 긴장과 신체적 안정이 엇갈린 양상을 보입니다. 후반으로 갈수록 전반적인 반응이 감소하며, 감정적 거부감이 점진적으로 완화된 것으로 해석됩니다."
participant_RECORD_20250515__1_AUG021,v2,"참가자는 ‘싫음’을 경험하였으며, 그 강도는 역겨운 수준으로 발목까지 차오르는 정도로 해석됩니다. 이완은 전반적으로 보통 수준을 유지하였고, 각성은 초반에 높았다가 점차 완화된 것으로 보입니다. 감정적 자극이 있었으나, 시간이 지나며 안정으로 회복된 점에서 긍정적인 조절 반응이 확인됩니다."
participant_RECORD_20250515__1_AUG021,v3,"‘싫음’ 감정은 역겨운 수준으로 발목까지 차오르는 상태로 관찰되었습니다. 초반의 높은 각성과 낮은 인지 참여가 특징적이며, 중반 이후 감정 강도가 완화되는 하향 흐름이 나타났습니다. 이는 정서적 거부 반응 이후 점진적 감정 안정이 이루어진 회복형 패턴으로 해석됩니다."
participant_RECORD_20250515__1_AUG021,v4,"주요 감정은 ‘싫음’으로 분류됩니다. 감정 강도는 역겨운 수준으로 발목까지 차오르는 정도로 해석됩니다. 각성은 초반에 매우 높고 후반으로 갈수록 완화되었습니다. 전반적으로 감정적 거부감이 점차 줄어든 안정적 회복 흐름이 나타났습니다."
participant_RECORD_20250515__1_AUG022,v1,"주요 감정은 ‘기쁨’으로 분류되었으며, 이는 신나는 감정이 무릎까지 차오르는 수준으로 해석됩니다. 초반에는 스트레스가 다소 높고 이완이 낮았으나, 중·후반으로 갈수록 이완과 흥미가 상승한 흐름이 나타났습니다. 정서적 긴장에서 시작해 점차 안정과 몰입으로 전환된 상반된 변화가 관찰됩니다."
participant_RECORD_20250515__1_AUG022,v2,"참가자는 ‘기쁨’을 경험하였으며, 그 강도는 신나는 정도로 무릎까지 차오르는 수준으로 해석됩니다. 이완은 점차 상승하였고, 흥미와 몰입이 함께 높아지며 정서적 안정이 형성된 것으로 보입니다. 초기의 긴장감을 극복하고 긍정적인 몰입 상태로 전환된 안정적 흐름이 확인됩니다."
participant_RECORD_20250515__1_AUG022,v3,"‘기쁨’ 감정은 신나는 수준으로 무릎까지 차오르는 상태로 관찰되었습니다. 초반의 긴장과 낮은 이완이 중반 이후 점진적으로 완화되어, 인지적 안정과 정서적 고양이 조화를 이룬 흐름이 나타났습니다. 이는 긍정 정서의 확장과 몰입으로 이어진 플로우형 반응으로 해석됩니다."
participant_RECORD_20250515__1_AUG022,v4,"주요 감정은 ‘기쁨’으로 분류됩니다. 감정 강도는 신나는 수준으로 무릎까지 차오르는 정도로 해석됩니다. 이완은 중반 이후 상승했으며, 흥미와 집중은 높은 수준으로 유지되었습니다. 전반적으로 긴장에서 안정으로 전환된 긍정적 흐름이 나타났습니다."
participant_RECORD_20250515__1_AUG023,v1,"주요 감정은 ‘두려움’으로 분류되었으며, 이는 불안한 감정이 온 몸을 가득 채운 수준으로 해석됩니다. 이완은 중반에 높았다가 후반 단계에서 다소 낮아진 것으로 보입니다. 중반의 높은 몰입과 흥미가 후반에서 급격히 저하되며, 정서적 긴장과 에너지 소모가 함께 나타난 상반된 반응이 관찰됩니다."
participant_RECORD_20250515__1_AUG023,v2,"참가자는 ‘두려움’을 경험하였으며, 그 강도는 불안한 수준으로 온 몸을 가득 채운 정도로 해석됩니다. 이완은 중반에 높고, 후반에는 다소 낮아져 감정적 긴장 완화 이후 피로가 뒤따른 것으로 보입니다. 전반적으로 감정적 자극이 있었으나, 일정 구간에서는 안정적 조절이 이루어진 긍정적 반응으로 평가됩니다."
participant_RECORD_20250515__1_AUG023,v3,"‘두려움’ 감정은 불안한 수준으로 온 몸을 가득 채운 상태로 관찰되었습니다. 이완은 중반에서 높게 유지되었으나, 후반 단계에서 감소하며 각성이 다시 높아지는 흐름을 보였습니다. 이는 감정적 안정 후 긴장으로 재전환된 복합적 정서 패턴으로 해석됩니다."
participant_RECORD_20250515__1_AUG023,v4,"주요 감정은 ‘두려움’으로 분류됩니다. 감정 강도는 불안한 수준으로 온 몸을 가득 채운 정도로 해석됩니다. 이완은 중반에 높고 후반에 낮아졌으며, 흥미와 집중은 중반에 가장 높았습니다. 전반적으로 안정 후 긴장으로 전환된 복합적 흐름이 나타났습니다."
participant_RECORD_20250515__1_AUG024,v1,"주요 감정은 ‘기쁨’으로 분류되었으며, 이는 신나는 감정이 허리까지 차오르는 수준으로 해석됩니다. 초반에는 스트레스가 보통 수준이었으나, 중반에 높아졌다가 후반 단계에서 급격히 완화된 것으로 보입니다. 이완이 뚜렷하게 상승하며 정서적 안정으로 전환된 반면, 각성은 낮아져 활력이 완화된 형태로 나타납니다."
participant_RECORD_20250515__1_AUG024,v2,"참가자는 ‘기쁨’을 경험하였으며, 그 강도는 신나는 수준으로 허리까지 차오르는 정도로 해석됩니다. 초중반에는 긴장이 있었으나, 후반 단계에서 이완이 높아지고 집중이 안정적으로 유지된 것으로 보입니다. 감정적 자극 이후 정서적 안정과 몰입이 조화롭게 이어진 긍정적인 흐름으로 평가됩니다."
participant_RECORD_20250515__1_AUG024,v3,"‘기쁨’ 감정은 신나는 수준으로 허리까지 차오르는 상태로 관찰되었습니다. 이완은 후반에 급격히 상승하며 안정적 회복 흐름을 보였고, 집중과 몰입은 지속적으로 높은 수준을 유지했습니다. 이는 정서적 각성에서 안정으로 이행되는 이상적인 긍정 정서 흐름으로 해석됩니다."
participant_RECORD_20250515__1_AUG024,v4,"주요 감정은 ‘기쁨’으로 분류됩니다. 감정 강도는 신나는 수준으로 허리까지 차오르는 정도로 해석됩니다. 스트레스는 중반에 높고 후반에 낮았으며, 이완은 후반 단계에서 급격히 상승했습니다. 전반적으로 긴장에서 안정으로 이어진 긍정적 흐름이 나타났습니다."
participant_RECORD_20250515__1_AUG025,v1,"주요 감정은 ‘슬픔’으로 분류되었으며, 이는 속상한 감정이 가슴까지 차오르는 수준으로 해석됩니다. 이완은 초반에 높았으나 중반 단계에서 급격히 낮아졌다가 후반에 다소 회복된 흐름을 보였습니다. 정서적 안정과 긴장이 반복되며, 감정적 회복이 완전하지는 않지만 일정한 균형을 되찾으려는 움직임이 나타납니다."
participant_RECORD_20250515__1_AUG025,v2,"참가자는 ‘슬픔’을 경험하였으며, 그 강도는 속상한 수준으로 가슴까지 차오르는 정도로 해석됩니다. 이완이 초반에는 높았다가 일시적으로 낮아졌지만 후반에 점차 안정으로 회복된 것으로 보입니다. 감정적 변동이 있었으나, 결과적으로 안정된 흐름으로 마무리된 점에서 긍정적 회복 반응이 관찰됩니다."
participant_RECORD_20250515__1_AUG025,v3,"‘슬픔’ 감정은 속상한 수준으로 가슴까지 차오르는 상태로 관찰되었습니다. 초반의 안정된 이완이 중반에서 급격히 저하되었다가 후반에서 완만히 회복되는 비선형적 정서 흐름이 확인됩니다. 이는 정서적 긴장 이후 점진적 회복이 이루어진 감정 안정화 패턴으로 해석됩니다."
participant_RECORD_20250515__1_AUG025,v4,"주요 감정은 ‘슬픔’으로 분류됩니다. 감정 강도는 속상한 수준으로 가슴까지 차오르는 정도로 해석됩니다. 이완은 초반에 높고 중반에 낮았다가 후반에 다소 회복되었습니다. 전반적으로 감정적 변동 후 안정화로 이어진 흐름이 나타났습니다."
participant_RECORD_20240911__,v1,"어이가 없는 놀람이 보고되지만, 초기 단계에서 흥분 지표만 다소 높은 편이고 나머지 지표들은 전반적으로 보통 수준에 머물러 정서 반응 대비 생체 지표의 대비가 나타납니다. 중간 단계에서는 집중 지표가 낮은 편으로 떨어지는데, 감정적 놀람이 존재함에도 몰입이 따라가지 못하는 불일치가 확인됩니다. 마지막 단계에서는 충만감이 무릎까지 차오르는 정도로 약하게 강화되지만 스트레스는 보통 수준에서 다소 상승, 흥분은 다시 보통 수준으로 낮아지는 등 지표 간 상반된 조정 흐름이 드러납니다."
participant_RECORD_20240911__,v2,"어이가 없는 놀람이 감지되었으나 전반적인 스트레스·이완·흥분·관심 지표가 모두 보통 수준으로 유지되어 큰 부담 없이 상황을 받아들이는 안정적 흐름으로 보입니다. 중간 단계에서 집중이 일시적으로 낮은 편으로 떨어지지만, 이는 과도한 긴장이나 불안이 아닌 자연스러운 주의 변화로 해석됩니다. 마지막 단계에서도 생체 지표는 보통 수준 안에서 부드럽게 조정되며 충만감이 무릎까지 차오르는 정도로 유지되어 전반적 균형이 견고한 모습입니다."
participant_RECORD_20240911__,v3,"초기 단계에서는 보통 수준의 스트레스·이완·관심 속에서 흥분이 다소 높아지며 놀람 정서가 형성되는 흐름이 관찰됩니다. 중간 단계로 이동하면서 전체 지표는 여전히 보통 수준을 유지하지만 집중이 낮은 편으로 감소하며 주의 흐름이 이완되는 전환이 나타납니다. 마지막 단계에서는 충만감이 무릎까지 차오르는 수준으로 약하게 강화되고 스트레스는 보통 수준에서 상승, 흥분은 보통 수준으로 완화되며 전체 지표의 미세한 재정렬이 이루어집니다."
participant_RECORD_20240911__,v4,"감정은 어이가 없는 놀람으로 나타났으며, 초기 단계에서는 흥분만 다소 높은 편, 나머지는 보통 수준입니다. 중간 단계에서는 집중이 낮은 편을 보이고 나머지 주요 지표들은 모두 보통 수준을 유지합니다. 마지막 단계에서는 충만감이 무릎까지 차오르는 정도로 이어지며 스트레스는 보통, 몰입·흥분·주의는 보통 수준의 안정적 상태로 정리됩니다."
participant_asdas,v1,"깜짝 놀란 감정이 나타났지만 초기 단계에서는 몰입이 매우 높은 수준인 반면 흥분은 보통 수준에 머물러 정서 반응과 생체 지표 간의 대비가 보입니다. 중간 단계에서는 흥분이 매우 낮은 편으로 떨어지지만 관심과 이완은 보통 수준을 유지하여 감정 강도 대비 활성 흐름이 일치하지 않는 모습이 드러납니다. 마지막 단계에서는 가슴까지 차오르는 충만감 속에서 스트레스와 흥분이 다소 높은 편으로 전환되지만 몰입은 보통 이하로 유지되며 지표 간 상반된 조정 흐름이 이어집니다."
participant_asdas,v2,"깜짝 놀란 감정이 관찰되었으나 초기 단계에서 이완과 집중은 보통 수준을 유지하여 전반적으로 안정적인 반응을 보인 것으로 해석됩니다. 중간 단계에서는 흥분이 매우 낮은 편으로 나타나 과도한 긴장 없이 상황을 부드럽게 받아들이는 경향이 확인됩니다. 마지막 단계에서는 가슴까지 차오르는 충만감과 함께 흥분·스트레스가 다소 높아지지만 주요 지표는 전반적으로 균형을 유지하며 안정성이 이어집니다."
participant_asdas,v3,"초기 단계에서는 매우 높은 몰입과 보통 수준의 이완·흥분이 결합되며 놀람 정서가 형성되는 흐름을 보입니다. 중간 단계에서는 흥분이 매우 낮은 편으로 감소하는 동시에 관심과 이완은 보통 수준을 유지하며 감정의 활성 흐름이 부드럽게 완화됩니다. 마지막 단계에서는 가슴까지 차오르는 충만감을 기반으로 스트레스와 흥분이 다소 상승하고 집중이 보통 수준에서 강화되며 전체 지표가 다시 활기를 띠는 전환이 나타납니다."
participant_asdas,v4,"감정은 깜짝 놀란 감정으로 나타나며 초기 단계에서는 몰입이 매우 높고 관심과 집중은 보통 수준을 보입니다. 중간 단계에서는 흥분만 매우 낮아지고 다른 지표는 보통 수준에서 유지됩니다. 마지막 단계에서는 가슴까지 차오르는 충만감 속에서 스트레스와 흥분이 다소 높아지고 주요 지표가 전반적으로 안정된 흐름을 보입니다."
participant_3305,v1,"속상한 슬픔이 드러나지만 초기 단계에서는 스트레스와 이완이 매우 낮은 반면 집중은 매우 높은 수준으로 나타나 정서와 생체 반응 간의 큰 간극이 확인됩니다. 중간 단계에서는 슬픔 강도가 발목까지 차오르는 수준임에도 흥분·관심·집중이 모두 높게 유지되어 감정적 침체와 활성 지표의 상반된 흐름이 도드라집니다. 마지막 단계에서는 충만감이 허리까지 차오르는 정도로 강화되지만 지표 구성은 중간 단계와 동일하게 유지되어 정서 변화와 생체 지표 간의 불균형이 지속됩니다."
participant_3305,v2,"속상한 슬픔이 관찰되었지만 초기 단계에서 몰입과 집중이 각각 보통에서 매우 높은 수준을 유지하여 전반적인 기능적 안정성이 드러납니다. 중간 단계에서는 이완이 매우 낮음에도 불구하고 관심·몰입·집중이 높게 유지되어 심리적 회복력이 돋보입니다. 마지막 단계에서는 충만감이 허리까지 차오르며 지표가 일정하게 유지되어 균형 있는 상태가 지속되는 긍정적 흐름으로 판단됩니다."
participant_3305,v3,"초기 단계에서는 스트레스와 이완이 매우 낮은 상태에서 흥분이 높고 집중이 매우 높아 활성 중심의 긴장된 흐름이 형성됩니다. 중간 단계로 이동하며 슬픔은 발목까지 차오르지만 흥분·관심·몰입·집중이 모두 높게 유지되어 정서와 지표 간의 긴밀한 상승 흐름이 나타납니다. 마지막 단계에서는 충만감이 허리까지 차오르며 동일한 수준의 지표가 유지되어 전체 흐름이 안정적으로 고정되는 양상으로 보입니다."
participant_3305,v4,"감정은 속상한 슬픔으로 나타났으며 초기 단계에서는 스트레스와 이완이 매우 낮고 흥분은 높으며 집중은 매우 높은 수준입니다. 중간 단계에서는 슬픔 강도가 낮은 편임에도 흥분·관심·몰입·집중이 모두 높은 수준으로 유지됩니다. 마지막 단계에서는 충만감이 허리까지 차오르며 중간 단계와 동일한 활성 지표 구성이 이어져 고른 상태로 정리됩니다."
participant_3306,v1,"‘편안한’ 정서가 나타나지만 모든 생체 지표가 매우 낮은 값에서 균일하게 유지되어 정서 표현과 생리 반응 간의 큰 변화는 확인되지 않습니다. 단계가 진행되어도 스트레스와 각성 요소가 동일 수치로 유지되어 정서적 변동성이 거의 없는 상태입니다. 신체 감각은 ‘발목까지 차오르는’ 정도로 약하게 표현되며 생체 반응 또한 안정적으로 유지됩니다. 이러한 수치는 정서적 편안함과 최소한의 생체 자극이 공존하는 형태로 해석될 수 있지만 측정 오류의 가능성을 고려해야합니다."
participant_3306,v2,"“편안한 행복감” 속에서도 스트레스와 긴장, 집중과 같은 지표들이 모두 매우 낮은 수준으로 나타나 과도한 부담이나 소모가 없었던 상태로 판단됩니다. 이후 단계에서도 유사한 지표 수준이 유지되면서 감정적 안정성과 평온함이 지속되는 양상이 보입니다. 전체적으로 최소한의 생체 반응으로도 만족스러운 행복감이 유지된 긍정적 상태로 해석됩니다."
participant_3306,v3,"초기 단계에서는 행복 정서가 제시되며 모든 지표가 매우 낮은 수준에서 시작해 극도로 안정적인 반응 흐름을 보입니다. 이후 단계에서도 충만감은 “편안한” 정도로 완만하게 제시되지만 주요 지표는 변동 없이 매우 낮은 수준으로 유지됩니다. 마지막 단계에서는 충만감이 “만족스러운” 수준으로 완화되며 생체 지표 전반은 계속해서 거의 변화 없는 안정 흐름을 형성합니다."
participant_3306,v4,"정서는 “편안한 행복감”이며 스트레스·참여도·이완·흥분·집중이 모두 매우 낮은 수준으로 유지됩니다. 단계가 진행될수록 충만감은 “만족스러운” 정도로 낮아지지만 생체 지표는 동일하게 극도로 낮은 상태입니다. 전반적으로 감정은 조용하게 유지되며 생체 반응은 거의 나타나지 않는 안정 상태로 정리됩니다."
participant_1115,v1,"만족스러운 행복감이 보고되었지만 초기 단계에서는 스트레스와 이완이 매우 낮은 수준인데 반해 흥분과 집중은 높아 정서와 생체 지표가 서로 다른 방향을 보입니다. 중간 단계에서도 동일한 구성으로 지표가 유지되면서 감정의 안정적 흐름과 활성 지표 사이의 미세한 불일치가 지속됩니다. 마지막 단계에서는 허리까지 차오르는 충만감 속에서 이완과 집중이 보통 이상으로 상승하고 스트레스도 낮은 편으로 전환되며 전 단계와는 다른 조정 흐름이 나타납니다."
participant_1115,v2,"만족스러운 행복감이 감지되며 초기 단계에서 몰입과 집중이 높은 수준을 보여 기능적으로 안정된 긍정적 상태를 유지한 것으로 해석됩니다. 중간 단계에서도 지표 구성이 그대로 유지되어 과도한 긴장 없이 행복감을 안정적으로 경험한 흐름이 이어집니다. 마지막 단계에서는 허리까지 차오르는 충만감과 함께 관심과 몰입이 보통 이상으로 높아지고 이완이 회복되며 긍정적 균형이 강화됩니다."
participant_1115,v3,"초기 단계에서는 매우 낮은 스트레스와 이완 속에서 흥분·관심·집중이 높은 수준으로 나타나 활성 중심의 밝은 흐름이 형성됩니다. 중간 단계로 이동해도 동일한 구성의 지표가 유지되며 행복감이 안정적으로 지속되는 연속적 흐름을 보입니다. 마지막 단계에서는 허리까지 차오르는 충만감과 함께 이완이 보통 수준으로 상승하고 관심이 매우 높은 수준으로 강화되며 정서·생체 상태가 확장되는 전환이 나타납니다."
participant_1115,v4,"감정은 만족스러운 행복감으로 나타났으며 초기 단계에서는 스트레스와 이완이 매우 낮고 흥분·몰입·집중이 높은 수준입니다. 중간 단계는 동일한 구성이 유지됩니다. 마지막 단계에서는 허리까지 차오르는 충만감과 함께 이완이 보통 수준으로 높아지고 관심과 집중이 높은 범위에서 유지됩니다."
participant_1325,v1,"섭섭한 분노가 나타났지만 초기 단계에서는 스트레스와 이완이 매우 낮은 반면 흥분·관심·집중은 매우 높은 수준으로 정서와 생체 지표 간의 강한 대비가 확인됩니다. 중간 단계에서는 분노 강도가 발목 수준임에도 몰입·관심·집중이 모두 높은 수준으로 유지되어 감정적 긴장과 활성 흐름의 불일치가 두드러집니다. 마지막 단계에서는 가슴까지 차오르는 충만감 속에서 스트레스는 보통 수준으로 상승하고 흥분은 보통 범위로 완화되며 활성 지표가 조정되지만 여전히 감정과 반응의 비대칭이 남아 있습니다."
participant_1325,v2,"섭섭한 분노가 보고되었으나 초기 단계에서 몰입·관심·집중이 모두 높은 수준을 보여 기능적으로는 안정적이며 조절된 상태를 유지한 것으로 해석됩니다. 중간 단계에서도 스트레스가 낮고 주요 활성 지표는 높은 수준을 유지해 과도한 긴장 없이 상황을 처리하는 긍정적 흐름이 확인됩니다. 마지막 단계에서는 가슴까지 차오르는 충만감과 함께 주요 지표가 보통에서 높음 범위로 조정되며 균형 잡힌 반응 패턴이 강화됩니다."
participant_1325,v3,"초기 단계에서는 매우 낮은 스트레스와 이완 속에서 흥분·관심·집중이 매우 높은 수준으로 치솟아 강하게 활성 중심의 흐름이 형성됩니다. 중간 단계에서는 충만감이 아직 낮음에도 불구하고 몰입·관심·집중이 모두 높은 수준으로 유지되며 정서적 긴장이 안정적으로 이어집니다. 마지막 단계에서는 가슴까지 차오르는 충만감과 함께 스트레스가 보통 수준으로 상승하고 흥분과 집중은 보통에서 높은 수준으로 재정렬되며 전체 흐름이 부드럽게 조정됩니다."
participant_1325,v4,"감정은 섭섭한 분노로 나타났으며 초기 단계에서는 스트레스와 이완이 매우 낮고 흥분·관심·집중이 매우 높은 수준입니다. 중간 단계에서는 스트레스가 낮고 관심·몰입·집중이 모두 높은 수준으로 유지됩니다. 마지막 단계에서는 가슴까지 차오르는 충만감 속에서 스트레스가 보통 수준으로 높아지고 흥분·집중은 보통에서 높은 범위로 정리됩니다."
participant_1416,v1,"분노로 가득찬 감정이 나타났지만 초기 단계에서는 스트레스와 이완이 매우 낮은 반면 흥분·관심·집중은 높은 수준으로 정서와 생체 반응 간의 강한 대비가 드러납니다. 중간 단계에서는 충만감이 온 몸을 가득 채우는 수준임에도 흥분과 관심이 보통 범위로 조정되며 감정 강도 대비 활성 흐름의 불균형이 확인됩니다. 마지막 단계에서도 동일한 지표 구성이 반복되어 정서적 강도는 최고 수준이지만 생체 반응은 비교적 안정된 보통 범위에 머무르는 상반된 패턴이 지속됩니다."
participant_1416,v2,"분노로 가득찬 감정이 보고되었으나 초기 단계에서 몰입·관심·집중이 높은 수준으로 유지되어 기능적으로는 안정적인 상태를 보인 것으로 해석됩니다. 중간 단계에서는 충만감이 온 몸을 가득 채우는 수준에 이르면서도 흥분과 관심이 보통 수준으로 유지되어 과도한 긴장 없이 조절된 흐름이 이어집니다. 마지막 단계에서도 동일한 지표가 반복되어 강한 감정 속에서도 전체적인 균형이 유지되는 긍정적 안정성이 확인됩니다."
participant_1416,v3,"초기 단계에서는 매우 낮은 스트레스와 이완 속에서 흥분·관심·집중이 높은 수준으로 상승하며 활성 중심의 강한 흐름이 형성됩니다. 중간 단계에서는 온 몸을 가득 채운 충만감과 함께 흥분과 관심이 보통 수준으로 조정되며 정서 강도와 생체 지표가 재배치되는 전환이 나타납니다. 마지막 단계에서는 동일한 구성의 지표가 유지되어 전체 흐름이 안정적으로 고정되며 강한 감정이 일정한 패턴으로 지속됩니다."
participant_1416,v4,"감정은 분노로 가득찬 상태로 나타났으며 초기 단계에서는 스트레스와 이완이 매우 낮고 흥분·관심·집중이 높은 수준입니다. 중간 단계에서는 충만감이 온 몸을 가득 채우는 수준이지만 흥분과 관심은 보통 수준으로 유지됩니다. 마지막 단계에서도 동일한 지표 구성이 반복되며 강한 감정 대비 안정된 생체 흐름이 관찰됩니다."
participant_1507,v1,"만족스러운 행복감이 나타났지만 초기 단계에서는 스트레스와 이완이 매우 낮은 반면 흥분·관심·집중이 매우 높은 수준으로 정서와 생체 지표 간의 뚜렷한 대비가 확인됩니다. 중간 단계에서는 충만감이 발목 수준임에도 이완과 집중이 높고 흥분도 다소 높은 수준을 유지해 감정 강도와 활성 지표 사이의 미묘한 불일치가 드러납니다. 마지막 단계에서는 가슴까지 차오르는 충만감이 형성되지만 지표 구성은 그대로 유지되어 정서적 변화 대비 생체 반응의 상반성이 지속됩니다."
participant_1507,v2,"만족스러운 행복감이 보고되었으며 초기 단계에서 몰입·관심·집중이 모두 매우 높은 수준을 보이며 긍정적이고 안정적인 기능적 흐름이 형성된 것으로 해석됩니다. 중간 단계에서는 충만감이 낮은 수준임에도 이완과 집중이 높게 유지되어 과도한 긴장 없이 편안한 조절 흐름이 이어집니다. 마지막 단계에서는 가슴까지 차오르는 충만감과 함께 주요 지표가 동일하게 유지되어 균형 잡힌 긍정적 상태가 강화됩니다."
participant_1507,v3,"초기 단계에서는 매우 낮은 스트레스와 이완 속에서 흥분·관심·집중이 매우 높은 수준으로 치솟으며 활기찬 흐름이 형성됩니다. 중간 단계에서는 충만감이 발목 수준임에도 이완과 집중이 높은 수준으로 전환되며 정서 강도와 생체 지표가 안정적으로 재배치됩니다. 마지막 단계에서는 가슴까지 차오르는 충만감 속에서 동일한 지표 패턴이 유지되며 전체 흐름이 부드럽게 고정되는 양상이 나타납니다."
participant_1507,v4,"감정은 만족스러운 행복감으로 나타났으며 초기 단계에서는 스트레스와 이완이 매우 낮고 흥분·관심·집중이 매우 높은 수준입니다. 중간 단계에서는 충만감이 낮은 편이지만 이완과 집중은 높은 수준을 유지합니다. 마지막 단계에서는 가슴까지 차오르는 충만감과 함께 지표 구성이 그대로 유지되어 안정적 흐름이 이어집니다."
participant_1208,v1,"전반적으로 “편안한 행복감”과 이후의 “가슴까지 차오르는 기쁜 행복감”이 나타나지만, 모든 생체 지표가 매우 낮은 수준에 머물러 정서 강도와 생체 반응이 불일치하는 특성이 확인됩니다. 특히 스트레스·참여·흥분·집중이 모두 거의 나타나지 않는 수준임에도 충만감은 오히려 상승하는 모순된 흐름이 두드러집니다. 이러한 양상은 감정적 표현은 강화되지만 생체 지표는 극도로 안정된 상태로 제한된 것으로 해석됩니다."
participant_1208,v2,"“편안한 행복감”이 형성된 가운데 스트레스와 집중 등 모든 지표가 매우 낮은 수준으로 유지되어 부담 없이 안정적인 정서가 유지된 것으로 보입니다. 마지막 단계에서 충만감이 “가슴까지 차오르는” 정도로 증가했음에도 생체 반응은 흔들림 없이 일정해 긍정적 안정성을 확인할 수 있습니다. 전체적으로 낮은 생체 반응 속에서도 행복감이 확장되는 평온한 흐름으로 해석됩니다."
participant_1208,v3,"초기 단계에서는 행복 정서가 제시되며 모든 지표가 매우 낮은 수준으로 시작해 극도로 안정된 반응 흐름을 형성합니다. 이어지는 단계에서도 충만감은 “편안한” 정도로 유지되며 생체 반응은 변동 없이 동일한 낮은 수준으로 이어집니다. 마지막 단계에서는 충만감이 “가슴까지 차오르는” 수준으로 상승하지만 생체 지표는 모두 매우 낮은 상태로 안정화되어 감정만 확장되는 독특한 전환 흐름이 나타납니다."
participant_1208,v4,"정서는 “편안한 행복감”에서 “가슴까지 차오르는 기쁜 행복감”으로 변화하며, 스트레스·흥분·참여·이완·집중 등 모든 지표는 매우 낮은 수준입니다. 단계가 증가함에도 생체 지표는 거의 흔들림 없이 동일하게 유지됩니다. 전체적으로 감정 강도만 상승하고 생체 반응은 극도로 낮은 안정 상태로 요약됩니다."
participant_1218,v1,"초기 단계에서 “편안한 행복감”이 나타나는 가운데 각성·집중·흥분은 매우 높지만 이완은 극도로 낮아 상반된 긴장 패턴이 공존합니다. 다음 단계에서는 이완이 매우 높은 수준으로 급격히 상승하는 반면 스트레스는 여전히 낮아 정서적 편안함과 생체 지표 간의 불균형이 두드러집니다. 마지막 단계에서도 충만감이 “가슴까지 차오르는 기쁜 행복감”으로 확대되지만 집중과 참여는 높고 스트레스는 낮은 독특한 조합이 유지되는 흐름으로 해석됩니다."
participant_1218,v2,"전반적으로 높은 참여도와 집중 속에서도 스트레스가 매우 낮게 유지되어 행복한 정서가 부담 없이 안정적으로 형성된 것으로 판단됩니다. 중간 단계에서는 이완 지표가 매우 높은 수준으로 상승하여 정서적 회복력과 안정감이 강화된 양상을 보입니다. 최종 단계에서도 충만감이 “가슴까지 차오르는” 정도로 확대되며 생체 반응은 낮은 스트레스와 높은 몰입 상태 사이에서 균형을 이루는 긍정적 상태로 해석됩니다."
participant_1218,v3,"첫 단계에서는 행복 정서가 제시되며 높은 집중·참여와 매우 낮은 이완이 동시에 나타나 강한 몰입을 중심으로 한 반응 흐름으로 시작됩니다. 두 번째 단계에서는 충만감이 “편안한” 정도로 유지되면서 이완이 매우 높은 수준으로 급상승하고, 스트레스는 낮아 전체 반응이 부드럽게 안정화됩니다. 마지막 단계에서는 충만감이 “가슴까지 차오르는” 정도로 증가하지만 참여·집중은 여전히 높은 수준에서 유지되며 전반적 각성은 완만하게 조정되는 흐름을 보입니다."
participant_1218,v4,"정서는 “편안한 행복감”에서 “가슴까지 차오르는 기쁜 행복감”으로 전환되며, 스트레스는 매우 낮은 수준에서 일관적으로 유지됩니다. 참여도·흥분·집중은 높은 편이며, 중간 단계에서는 이완만 매우 높은 수준으로 급격히 증가한 후 마지막 단계에서 다시 높음 수준으로 조정됩니다. 전체적으로 낮은 스트레스와 높은 몰입이 지속되면서 충만감이 점차 강화되는 상태로 요약됩니다."
participant_1410,v1,"초기 단계에서 “편안한 행복감”이 제시되지만 흥분과 집중은 매우 높은 반면 이완은 극도로 낮아 정서적 안정과 생체 반응 사이에 상반된 양상이 나타납니다. 다음 단계에서는 이완이 보통 수준으로 상승하고 스트레스는 낮은 수준을 유지해 일부 균형이 회복되지만, 집중은 여전히 매우 높아 불균형의 잔여가 확인됩니다. 마지막 단계에서는 충만감이 “가슴까지 차오르는 기쁜 행복감”으로 강화되지만 이완이 매우 높은 수준으로 급격히 증가해 감정 강화와 신체적 안정이 동시에 나타나는 독특한 조합이 관찰됩니다."
participant_1410,v2,"초기 단계에서는 매우 낮은 스트레스 속에서 높은 집중과 흥분이 함께 나타나 행복한 정서가 안정적으로 형성된 것으로 판단됩니다. 이후 단계에서는 이완이 보통 수준으로 증가하며 긴장 완화와 정서 균형이 자연스럽게 강화되는 흐름이 보입니다. 최종 단계에서는 이완이 매우 높은 수준에 도달하고 충만감도 “가슴까지 차오르는” 정도로 확대되어 전반적으로 긍정적 회복력과 안정성을 갖춘 상태로 해석됩니다."
participant_1410,v3,"첫 단계에서는 행복 정서가 높은 집중·흥분 지표와 함께 매우 낮은 이완 속에서 강한 몰입 중심의 반응 흐름으로 시작됩니다. 이어지는 두 번째 단계에서는 충만감이 “편안한” 정도로 유지되며 이완이 보통 수준으로 상승해 반응 전반이 서서히 안정화됩니다. 마지막 단계에서는 충만감이 “가슴까지 차오르는” 수준으로 높아지고 이완은 매우 높은 수준으로 급상승해 정서적 확장과 생체적 안정이 동시에 강화되는 흐름이 완성됩니다."
participant_1410,v4,"정서는 “편안한 행복감”에서 “가슴까지 차오르는 기쁜 행복감”으로 변화하며 스트레스는 매우 낮은 수준을 일관되게 유지합니다. 집중·흥분은 높은 수준에서 유지되고, 이완은 매우 낮음 → 보통 → 매우 높음으로 단계적으로 상승합니다. 전체적으로 높은 몰입과 안정의 조합 속에서 충만감이 점진적으로 확대되는 상태로 요약됩니다."
participant_1513,v1,"“기쁜 행복감”과 이후의 “신나는 행복감”이 제시되지만 모든 생체 지표가 매우 낮은 수준에 머물러 정서적 강도와 생체 반응 간에 뚜렷한 불일치가 나타납니다. 단계가 진행되면서 충만감은 강하게 증가함에도 스트레스·흥분·집중은 거의 나타나지 않는 수준으로 유지됩니다. 이는 감정적 고양감이 커지더라도 신체적 반응은 극도로 억제된 형태로 표현된 것으로 해석됩니다."
participant_1513,v2,"전반적으로 생체 지표가 매우 낮은 수준에서 안정적으로 유지되어 과도한 긴장이나 부담이 없는 편안한 상태로 판단됩니다. 충만감이 “기쁜”에서 “신나는” 수준으로 높아지더라도 생체 반응은 요동하지 않아 정서적 안정성이 유지되는 긍정적 흐름이 확인됩니다. 감정적 고조 속에서도 차분함이 유지되는 균형 잡힌 반응으로 해석됩니다."
participant_1513,v3,"초기 단계에서는 행복 정서가 나타나지만 모든 지표가 매우 낮은 수준에서 출발해 조용하고 안정적인 흐름을 보입니다. 이어지는 단계에서는 충만감이 “기쁜” 정도로 높아지지만 생체 지표는 동일하게 매우 낮은 수준을 유지해 변화 폭이 거의 없는 전환이 이뤄집니다. 마지막 단계에서는 “신나는 행복감”으로 확대되지만 생체 반응은 극도로 낮은 상태로 고정되며 감정의 확장과 생체적 정적이 동시에 지속되는 흐름을 보입니다."
participant_1513,v4,"정서는 “기쁜 행복감”에서 “신나는 행복감”으로 상승하지만 스트레스·흥분·참여·이완·집중은 모두 매우 낮은 수준입니다. 단계 전반에서 지표 변화는 거의 없으며 극도로 안정된 상태가 유지됩니다. 전체적으로 감정적 고양감은 증가하나 생체 반응은 조용하게 유지되는 형태로 요약됩니다."
participant_2204,v1,"초기 단계에서 “신나는 행복감”이 나타나지만 매우 높은 집중·흥분과 달리 이완은 극도로 낮아 정서의 고양과 생체 반응 간의 상반된 패턴이 관찰됩니다. 이후 단계에서 이완은 매우 높은 수준으로 급상승했음에도 스트레스는 낮은 수준을 유지해 정서적 고조와 생체적 안정이 동시에 존재하는 불균형이 드러납니다. 마지막 단계에서도 동일한 구조가 반복되며 높은 몰입 속에서도 낮은 스트레스와 높은 이완이 함께 나타나는 독특한 조합이 지속된 것으로 해석됩니다."
participant_2204,v2,"초기에는 높은 집중과 흥분이 나타나지만 스트레스가 매우 낮아 부담 없이 긍정적 정서가 형성된 것으로 판단됩니다. 다음 단계에서는 이완이 매우 높은 수준으로 상승하며 정서적 안정감과 회복력이 한층 강화된 모습이 보입니다. 최종 단계에서도 동일한 패턴이 유지되어 높은 몰입과 낮은 스트레스가 조화를 이루는 긍정적 상태로 해석됩니다."
participant_2204,v3,"첫 단계에서는 행복 정서가 강하게 나타나며 높은 참여·흥분·집중 속에서 매우 낮은 이완이 동반되어 강한 각성 중심의 흐름으로 시작됩니다. 이어지는 단계에서는 충만감이 “신나는” 수준에 머무르면서 이완이 매우 높은 수준으로 크게 상승하고 스트레스는 낮게 유지되어 전반적 반응이 안정적으로 전환됩니다. 마지막 단계에서도 동일한 반응 구조가 반복되며 고조된 정서와 안정된 생체 반응이 함께 유지되는 흐름이 형성됩니다."
participant_2204,v4,"정서는 전 과정에서 “신나는 행복감”으로 유지되며 스트레스는 매우 낮음에서 낮음 수준으로 안정적입니다. 참여·흥분·집중은 모두 높은 수준을 보이고, 이완은 매우 낮음에서 매우 높음으로 크게 상승한 뒤 유지됩니다. 전체적으로 높은 몰입과 낮은 스트레스가 지속되며 안정된 생체 반응 속에서 강한 행복감이 유지되는 상태로 요약됩니다."
participant_2208,v1,"초기 단계에서는 “불안한 두려움”이 나타나지만 스트레스는 매우 낮고 흥분·집중은 높은 수준이어서 정서적 불안과 생체 지표 간의 불일치가 확인됩니다. 이후 단계에서도 동일한 구조가 반복되며 두려움의 표현과는 달리 생체 반응은 낮은 이완과 높은 몰입이 함께 나타나는 모순된 조합이 유지됩니다. 마지막 단계에서는 두려움이 “가슴까지 차오르는” 정도로 증가했음에도 스트레스는 보통 수준에 그쳐 정서적 강도와 생체 반응의 균형이 여전히 맞지 않는 흐름으로 해석됩니다."
participant_2208,v2,"초기에는 “불안한 두려움”이 존재하지만 스트레스가 매우 낮고 집중·흥분이 높아 과도한 긴장 없이 안정적으로 반응한 것으로 판단됩니다. 중간 단계에서도 동일한 상태가 이어져 높은 몰입 속에서도 정서적 부담이 크게 확대되지 않는 긍정적 흐름이 유지됩니다. 마지막 단계에서도 스트레스는 보통 수준으로만 상승하며 전반적으로 안정된 생체 반응을 유지한 채 정서적 반응이 다소 강화된 상태로 해석됩니다."
participant_2208,v3,"첫 단계에서는 두려움이 제시되지만 스트레스는 매우 낮고 흥분·집중은 높은 수준으로 나타나 강한 몰입 중심의 반응으로 시작됩니다. 이어지는 단계에서도 충만감은 “불안한” 정도로 낮게 유지되며 생체 지표는 거의 변동 없이 정적 흐름을 이어갑니다. 마지막 단계에서는 충만감이 “가슴까지 차오르는” 수준으로 상승하고 스트레스는 보통 수준으로 올라가지만 몰입 지표는 여전히 높아 정서적 고조와 생체적 반응이 점진적으로 강화되는 흐름이 나타납니다."
participant_2208,v4,"정서는 “불안한 두려움”에서 “두려움이 가슴까지 차오르는 상태”로 변화하며 스트레스는 매우 낮음에서 보통 수준으로 상승합니다. 집중·흥분은 높은 수준을 유지하고, 이완은 매우 낮음에서 낮음으로 완만하게 증가합니다. 전체적으로 높은 몰입과 낮은 초기 스트레스 속에서 두려움이 점진적으로 강화되는 상태로 요약됩니다."
participant_김도단,v1,"“편안한 행복감”이 나타나지만 스트레스는 낮은 수준임에도 흥미·참여·이완이 모두 높은 수준으로 나타나 감정적 안정과 반응 강도 사이의 미묘한 대비가 존재합니다. 특히 각성 지표는 보통 수준에 머무르면서도 집중과 흥미는 동시에 높아 균일하지 않은 생체 패턴이 드러납니다. 마지막 단계에서 충만감이 “가슴까지 차오르는 기쁜 행복감”으로 확대되지만 지표 변화는 거의 없으며 감정 고조와 생체 반응의 고정된 구조가 상반되게 유지되는 흐름으로 해석됩니다."
participant_김도단,v2,"초기 단계에서 스트레스가 낮고 이완·참여·흥미가 모두 높은 수준으로 나타나 전반적으로 균형 잡힌 긍정적 정서 상태가 형성된 것으로 보입니다. 중간 단계에서도 동일한 지표가 유지되어 부담 없이 안정적인 행복감이 지속된 것으로 판단됩니다. 최종 단계에서도 “가슴까지 차오르는” 행복감이 나타나지만 생체 지표가 일관적으로 유지되어 정서적 안정성과 몰입이 함께 지속되는 긍정적 상태로 해석됩니다."
participant_김도단,v3,"처음 단계는 행복 정서 속에서 높은 참여·흥미와 낮은 스트레스로 출발하며 안정된 생체 흐름이 형성됩니다. 이어지는 단계에서도 충만감은 “편안한” 수준에 머물며 지표 변화 없이 안정적 반응 구조가 유지됩니다. 마지막 단계에서는 충만감이 “가슴까지 차오르는” 수준으로 상승하지만 생체 지표는 그대로 유지되어 정서만 확장되는 흐름이 이어집니다."
participant_김도단,v4,"정서는 “편안한 행복감”에서 “가슴까지 차오르는 기쁜 행복감”으로 확장되며 스트레스는 낮은 수준입니다. 참여·이완·흥미·집중은 모두 높은 수준이고 흥분은 보통 수준을 유지합니다. 전체적으로 지표 변화는 거의 없으며 높은 몰입과 안정적 행복감이 지속되는 상태로 요약됩니다."
participant_김지원,v1,"초기 단계에서는 “편안한 행복감”이 제시되지만 매우 낮은 스트레스와 높은 몰입·흥미 대비 이완이 극도로 낮아 감정 안정과 생체 반응의 불균형이 드러납니다. 중간 단계에서는 이완이 매우 높은 수준으로 급상승하는 반면 참여도와 흥미는 오히려 감소해 상반된 반응 구조가 형성됩니다. 마지막 단계에서 충만감은 “가슴까지 차오르는 기쁜 행복감”으로 강화되지만 스트레스는 낮고 이완은 매우 높아 감정 고조와 생체 반응이 일치하지 않는 패턴이 유지됩니다."
participant_김지원,v2,"초기에는 높은 몰입과 매우 낮은 스트레스 속에서 행복한 정서가 안정적으로 형성된 것으로 판단됩니다. 다음 단계에서는 이완이 매우 높은 수준으로 상승하며 정서적 안정감이 뚜렷하게 강화된 양상을 보입니다. 마지막 단계에서는 충만감이 “가슴까지 차오르는” 수준으로 증가했음에도 스트레스가 낮게 유지되고 몰입이 안정적으로 나타나 긍정적인 균형이 지속된 상태로 해석됩니다."
participant_김지원,v3,"첫 단계는 행복 정서 속에서 높은 흥미와 몰입이 뚜렷하지만 이완이 매우 낮아 긴장된 기반 위의 몰입 흐름으로 출발합니다. 이후 단계에서는 충만감이 “편안한” 수준으로 유지되며 이완이 매우 높은 수준으로 급상승하고 참여·흥미는 보통 수준으로 조정되어 반응이 안정화됩니다. 마지막 단계는 동일한 지표 구조가 유지되면서 충만감만 “가슴까지 차오르는” 수준으로 확대되는 흐름이 이어집니다."
participant_김지원,v4,"정서는 “편안한 행복감”에서 “가슴까지 차오르는 기쁜 행복감”으로 변화하며 스트레스는 매우 낮음에서 낮음 수준을 유지합니다. 몰입과 집중은 높은 수준을 유지하며, 이완은 매우 낮음에서 매우 높음으로 크게 상승한 뒤 유지됩니다. 전체적으로 초기의 긴장 기반 행복감이 점차 안정된 행복감으로 확장되는 모습으로 요약됩니다."
participant_송연우,v1,"초기 단계에서는 슬픈 정서가 나타남에도 스트레스는 매우 낮고 집중·참여는 높은 수준으로 나타나 정서적 침체와 생체 반응 간의 불일치가 확인됩니다. 중간 단계에서는 정서 강도가 “슬픈 감정”으로 상승하지만 이완은 낮고 스트레스는 보통 수준으로 증가해 감정 고조 대비 생체 반응의 안정도가 충분히 따라오지 않는 대비가 드러납니다. 마지막 단계의 “절망적인 슬픔”에서도 동일한 지표 구조가 유지되어 강한 감정과 제한된 생체 반응이 계속 엇갈리는 흐름으로 해석됩니다."
participant_송연우,v2,"초기 단계에서는 슬픈 정서가 제시되지만 스트레스는 매우 낮고 몰입과 집중이 높은 편으로 과도한 부담 없이 안정적으로 반응한 것으로 보입니다. 이후 단계에서는 스트레스가 보통 수준까지 상승했음에도 전체 지표가 크게 흔들리지 않아 감정적 동요에 비해 생체 반응은 비교적 안정적으로 유지됩니다. 최종 단계에서도 “절망적인 슬픔”이 나타나지만 지표는 보통~높음 수준에서 유지되어 극단적인 생체적 소모 없이 균형을 유지한 상태로 해석됩니다."
participant_송연우,v3,"첫 단계에서는 슬픈 정서가 제시되지만 스트레스는 매우 낮고 몰입·집중은 높은 수준으로 강한 집중 기반의 정적 흐름으로 출발합니다. 이후 단계에서는 충만감이 “슬픈 감정” 수준으로 상승하며 스트레스가 보통 수준으로 오르고 이완은 낮은 수준에 머물러 생체 반응이 다소 강화되는 전환이 이루어집니다. 마지막 단계에서는 동일한 지표 구조를 유지한 채 충만감만 “절망적인 슬픔”으로 확장되며 감정적 심화와 생체적 유지가 동시에 나타나는 흐름이 형성됩니다."
participant_송연우,v4,"정서는 “슬픈 감정”에서 “절망적인 슬픔”으로 강화되며 스트레스는 매우 낮음에서 보통 수준으로 상승합니다. 집중은 높은 수준을 일관적으로 유지하고, 이완은 매우 낮음에서 낮음 수준에 머뭅니다. 전체적으로 감정은 깊어지지만 생체 지표는 보통~높음 범위에서 안정적으로 유지되는 상태로 요약됩니다."
participant_최윤성,v1,"초기 단계에서는 “섭섭한 분노”가 나타나지만 스트레스는 매우 낮고 집중은 매우 높은 수준으로 나타나 정서적 불편과 생체 반응 간의 불일치가 드러납니다. 중간 단계에서도 동일한 구조가 유지되며 강한 정서 표현과는 달리 이완은 매우 낮고 몰입은 높은 상태가 지속됩니다. 마지막 단계에서는 스트레스가 낮은 수준으로 상승했음에도 정서 강도는 그대로 유지되고 집중은 여전히 매우 높아 감정적 불만과 생체적 안정이 어긋나는 흐름으로 해석됩니다."
participant_최윤성,v2,"초기 단계에서는 분노 정서가 있음에도 스트레스가 매우 낮고 집중은 매우 높은 수준으로 나타나 과도한 긴장 없이 상황을 통제한 상태로 보입니다. 이후 단계에서도 이완은 낮지만 몰입과 흥미가 안정적으로 유지되어 감정적 동요가 생체 반응에 과하게 반영되지 않는 긍정적 신호가 확인됩니다. 마지막 단계에서도 스트레스는 낮은 수준에 머물며 전반적으로 감정적 불편과는 별개로 생체적 균형이 안정적으로 지속된 상태로 해석됩니다."
participant_최윤성,v3,"첫 단계에서는 분노 정서가 존재하지만 매우 낮은 스트레스와 높은 집중·흥분이 결합되어 높은 몰입 기반의 반응 흐름으로 시작됩니다. 이어지는 단계에서도 충만감은 “섭섭한” 수준에 머물며 생체 지표는 거의 변화 없이 동일한 구조를 유지합니다. 마지막 단계에서는 스트레스가 낮은 수준으로 상승하고 참여도는 보통 수준으로 조정되지만 집중은 여전히 매우 높은 수준을 유지해 감정은 정체되고 생체 반응은 안정적으로 이어지는 흐름이 나타납니다."
participant_최윤성,v4,"정서는 전 과정에서 “섭섭한 분노”로 유지되며 스트레스는 매우 낮음에서 낮음 수준으로 변화합니다. 집중은 매우 높은 수준을 지속하고, 이완은 매우 낮음에서 낮음으로 완만하게 증가합니다. 전체적으로 낮은 스트레스와 높은 몰입 속에서 분노 정서만 유지되는 형태로 요약됩니다."
participant_11,v1,"초기 단계에서는 “만족스러운 행복감”이 나타나지만 스트레스는 매우 낮고 집중과 흥분은 매우 높은 반면 이완은 극도로 낮아 감정적 안정과 생체 반응의 강도가 상반되는 양상이 보입니다. 중간 단계에서는 이완이 높은 수준으로 크게 상승했음에도 흥분은 오히려 낮아지고 흥미는 감소해 지표 간 불균형이 지속됩니다. 마지막 단계에서 충만감이 “허리까지 차오르는 편안한 행복감”으로 강화되지만 스트레스는 낮고 집중은 매우 높은 상태로 유지되어 감정의 확장과 생체 반응의 고정된 구조가 어긋난 흐름으로 해석됩니다."
participant_11,v2,"초기 단계에서는 매우 낮은 스트레스 속에서 높은 집중과 흥분이 나타나 부담 없이 긍정적인 정서가 형성된 것으로 보입니다. 중간 단계에서는 이완이 높아지고 스트레스는 여전히 낮아 전반적인 안정감이 강화되는 흐름이 이어집니다. 마지막 단계에서는 충만감이 “허리까지 차오르는” 정도로 높아지고 흥미도 매우 높은 수준으로 상승해 정서적 활력과 안정이 동시에 증대된 긍정적 패턴으로 해석됩니다."
participant_11,v3,"첫 단계에서는 행복 정서가 제시되며 매우 낮은 이완과 높은 몰입·흥분이 결합된 강한 각성 중심의 흐름으로 시작됩니다. 이어지는 단계에서는 충만감이 “만족스러운” 정도로 유지되면서 이완이 높은 수준으로 급상승하고 스트레스는 낮게 유지되어 반응이 부드럽게 안정화됩니다. 마지막 단계에서는 충만감이 “허리까지 차오르는” 수준으로 증가하고 이완이 더 높아지며 흥미가 다시 매우 높은 수준으로 상승해 정서적 확장과 생체적 안정이 균형 있게 이어지는 흐름이 형성됩니다."
participant_11,v4,"정서는 “만족스러운 행복감”에서 “허리까지 차오르는 편안한 행복감”으로 확장되며 스트레스는 매우 낮음에서 낮음 수준을 유지합니다. 집중은 전 과정에서 매우 높은 수준을 유지하고, 이완은 매우 낮음에서 높음으로 크게 상승합니다. 전체적으로 높은 몰입과 안정된 이완 상승 속에서 행복감이 점진적으로 강화되는 상태로 요약됩니다."
participant_22,v1,"초기 단계에서는 “신나는 행복감”이 제시되지만 매우 낮은 이완과 매우 높은 흥분·흥미가 공존해 정서적 고양과 생체 지표 간의 불균형이 두드러집니다. 이후 단계에서는 이완이 높은 수준으로 크게 증가하는 반면 참여도와 흥분은 감소해 정서 강도와 생체 반응이 서로 다른 방향으로 움직이는 대비가 나타납니다. 마지막 단계에서도 동일한 구조가 유지되며 강한 행복감이 지속됨에도 생체 지표는 조정된 상태로 고정되어 감정적 확장과 생체적 안정이 엇갈리는 흐름으로 해석됩니다."
participant_22,v2,"초기에는 높은 몰입과 매우 높은 흥분 속에서도 스트레스가 거의 나타나지 않아 긍정적이고 활기찬 행복감이 부담 없이 형성된 것으로 보입니다. 중간 단계에서는 이완이 높은 수준으로 상승하면서 지나친 각성이 완화되고 정서적 안정이 강화되는 흐름이 나타납니다. 마지막 단계에서도 행복감은 “신나는” 수준으로 유지되면서 생체 지표가 일정한 균형을 찾아 안정을 유지한 상태로 해석됩니다."
participant_22,v3,"첫 단계에서는 강한 행복 정서와 높은 집중·흥미·흥분이 결합된 고각성 기반의 반응 흐름으로 시작됩니다. 이어지는 단계에서는 충만감이 “신나는” 수준으로 유지되면서 이완이 높아지고 흥분과 참여는 보통 수준으로 조정되어 반응이 완만하게 안정화됩니다. 마지막 단계에서도 같은 구조가 반복되며 정서적 활력이 유지되는 가운데 생체 반응은 안정된 수준에서 고정되는 흐름이 이어집니다."
participant_22,v4,"정서는 전 과정에서 “신나는 행복감”으로 유지되고 스트레스는 매우 낮음에서 낮음 수준입니다. 집중·흥미·흥분은 초기에는 매우 높다가 이후에는 보통~높음 수준으로 안정되고, 이완은 매우 낮음에서 높음으로 크게 상승합니다. 전체적으로 높은 행복감과 조정된 생체 반응이 균형을 이루며 안정적으로 유지된 상태로 요약됩니다."
participant_최보미,v1,"초기 단계에서는 “기쁜 행복감”이 나타나지만 스트레스는 매우 낮고 이완은 극도로 낮은 반면 흥미와 집중은 높은 수준으로 유지되어 감정적 고양과 생체 반응 간의 불일치가 드러납니다. 이후 단계에서도 동일한 구조가 지속되며 감정 강도는 높지만 생체적 긴장 지표는 이에 비해 지나치게 낮아 대비가 유지됩니다. 마지막 단계에서 충만감이 “허리까지 차오르는 편안한 행복감”으로 변화했음에도 스트레스는 낮고 집중은 매우 높아 정서적 확장과 생체적 안정이 서로 다른 방향으로 움직이는 양상이 확인됩니다."
participant_최보미,v2,"초기 단계는 매우 낮은 스트레스 속에서 높은 집중과 높은 흥미가 나타나 부담 없는 긍정적 정서가 형성된 것으로 보입니다. 중간 단계에서도 감정 강도는 높지만 생체 지표가 흔들리지 않아 안정적인 행복 상태가 유지된 것으로 판단됩니다. 마지막 단계에서는 이완이 높은 수준으로 상승하고 충만감이 “허리까지 차오르는” 정도로 확대되어 정서적 안정과 편안함이 강화된 긍정적 흐름이 나타납니다."
participant_최보미,v3,"첫 단계에서는 행복 정서가 제시되며 낮은 스트레스와 높은 흥미·집중이 결합된 안정된 몰입 기반의 흐름으로 시작됩니다. 이어지는 단계에서도 충만감은 “기쁜” 수준으로 유지되며 생체 반응은 동일하게 안정된 구조를 유지합니다. 마지막 단계에서는 충만감이 “허리까지 차오르는” 수준으로 상승하고 이완과 참여가 높아져 정서적 편안함과 생체 안정이 동시에 강화되는 전환 흐름이 형성됩니다."
participant_최보미,v4,"정서는 “기쁜 행복감”에서 “허리까지 차오르는 편안한 행복감”으로 변화하며 스트레스는 매우 낮음에서 낮음 수준으로 상승합니다. 집중은 높음에서 매우 높음으로 강화되고, 이완은 매우 낮음에서 높음으로 크게 증가합니다. 전체적으로 안정된 몰입과 완화된 긴장 속에서 행복감이 점진적으로 확장된 상태로 요약됩니다."
participant_1_3,v1,"초기 단계에서는 두려움이 존재하지만 스트레스는 매우 낮고 집중은 매우 높아 정서적 불안과 생체 반응이 서로 어긋나는 패턴이 관찰됩니다. 다음 단계에서는 정서가 “겁나는 두려움”으로 확대되며 스트레스는 높아지지만 이완은 매우 낮고 흥분은 오히려 보통 수준으로 감소해 감정 강도와 생체 반응이 비대칭적으로 변화합니다. 마지막 단계에서도 두려움이 “가슴까지 차오르는” 수준이 되었음에도 생체 지표는 그대로 유지되어 감정 심화와 생체 반응 간 격차가 지속된 것으로 해석됩니다."
participant_1_3,v2,"초기에는 두려움이 존재해도 스트레스가 매우 낮고 집중이 매우 높아 과도한 긴장 없이 상황을 다루고 있었던 것으로 보입니다. 이후 단계에서는 스트레스가 높아지지만 이완·흥분 등이 완만한 수준을 유지해 감정적 동요에 비해 생체적 안정이 일정 부분 유지됩니다. 마지막 단계에서도 지표는 일정하게 유지되며 전반적으로 두려움이 커지더라도 생체 반응이 과도하게 흔들리지 않는 회복적 패턴이 관찰됩니다."
participant_1_3,v3,"첫 단계에서는 두려움이 제시되지만 매우 낮은 스트레스와 높은 집중이 결합된 고몰입 기반의 반응 흐름으로 출발합니다. 이어지는 단계에서는 충만감이 “겁나는” 수준으로 상승하면서 스트레스가 높아지고 이완은 낮은 수준에 머물러 정서적 긴장감이 강화됩니다. 마지막 단계에서는 충만감이 “가슴까지 차오르는” 두려움으로 확대되지만 생체 지표는 동일하게 유지되어 감정은 상승하나 생체 반응은 고정적인 흐름을 보입니다."
participant_1_3,v4,"정서는 “겁나는 두려움”에서 “두려움이 가슴까지 차오르는 상태”로 확대되며 스트레스는 매우 낮음에서 높음 수준으로 크게 증가합니다. 집중은 매우 높음에서 높음으로 조정되고, 이완은 매우 낮음에서 낮음으로 완만하게 상승합니다. 전체적으로 감정 강도만 점진적으로 커지고 생체 반응은 고정된 구조를 유지하는 형태로 요약됩니다."
participant_박하영,v1,"초기 단계에서는 “기쁜 행복감”이 나타나지만 스트레스는 매우 낮고 이완은 극도로 낮은 반면 흥미·집중은 높은 수준이어서 감정적 고양과 생체 반응이 서로 어긋나는 패턴이 관찰됩니다. 중간 단계에서도 동일한 대비가 유지되며 감정 강도는 높지만 이완은 여전히 낮아 반응 균형이 충분히 맞춰지지 않습니다. 마지막 단계에서 “신나는 행복감”으로 확장되었음에도 스트레스는 낮고 이완만 크게 상승하여 감정의 강화와 생체적 조정이 다른 방향으로 변화하는 흐름으로 해석됩니다."
participant_박하영,v2,"초기에는 매우 낮은 스트레스 속에서 높은 집중과 흥미가 나타나 긍정적이고 안정된 행복감이 형성된 것으로 보입니다. 중간 단계에서도 동일한 구조가 유지되어 감정적 고양 속에서도 생체 지표가 과도하게 흔들리지 않는 안정적 흐름이 이어집니다. 마지막 단계에서는 이완이 크게 증가하고 충만감이 “신나는” 수준으로 확장되며 정서적 활력과 안정이 동시에 강화된 긍정적 상태로 해석됩니다."
participant_박하영,v3,"첫 단계에서는 행복 정서가 높은 흥미·집중과 매우 낮은 이완이 결합된 고몰입 기반의 흐름으로 시작됩니다. 이어지는 단계에서는 충만감이 “기쁜” 수준으로 유지되며 생체 지표는 거의 변동 없이 정적 구조를 이어갑니다. 마지막 단계에서는 충만감이 “신나는” 수준으로 상승하고 이완이 높아지며 참여도도 증가해 정서적 확장과 생체적 안정이 함께 강화되는 전환 흐름이 나타납니다."
participant_박하영,v4,"정서는 “기쁜 행복감”에서 “신나는 행복감”으로 변화하며 스트레스는 매우 낮음에서 낮음 수준으로 유지됩니다. 집중과 흥미는 높은 수준을 지속하고, 이완은 매우 낮음에서 높음으로 크게 상승합니다. 전체적으로 높은 몰입과 증가한 안정 속에서 행복감이 점진적으로 확장되는 상태로 요약됩니다."
participant_1306,v1,"초기 단계에서는 “분노로 가득찬 상태”가 나타나지만 스트레스는 매우 낮고 집중·흥미는 매우 높은 수준으로 정서적 격한 표현과 생체 반응이 서로 일치하지 않는 양상이 확인됩니다. 이후 단계에서는 스트레스가 보통 수준까지 상승했음에도 이완은 낮고 흥분은 오히려 감소하여 감정적 고조에 비해 생체적 반응이 한쪽으로 치우친 형태가 드러납니다. 마지막 단계에서도 동일한 지표 구조가 반복되며 강렬한 분노와 비교적 제한된 생체 반응 사이의 대비가 지속된 것으로 해석됩니다."
participant_1306,v2,"초기에는 분노 정서가 있음에도 스트레스가 거의 나타나지 않고 높은 집중과 흥미가 유지되어 상황을 안정적으로 통제한 상태로 보입니다. 중간 단계에서는 스트레스가 보통 수준으로 상승하지만 몰입과 흥분이 안정적으로 유지되며 감정적 동요 대비 생체 반응이 크게 흔들리지 않는 패턴이 나타납니다. 마지막 단계에서도 지표가 동일하게 유지되어 감정은 강하지만 생체적 균형은 유지되는 긍정적인 안정 흐름으로 해석됩니다."
participant_1306,v3,"첫 단계에서는 분노 정서가 제시되지만 매우 낮은 스트레스와 높은 집중·흥미가 결합된 고몰입 기반의 반응 흐름으로 시작됩니다. 이어지는 단계에서는 충만감이 동일한 수준을 유지하며 스트레스가 보통 수준으로 상승하고 이완은 낮게 머물러 정서적 긴장감만 부분적으로 강화됩니다. 마지막 단계에서도 동일한 구조로 유지되며 강한 정서와 고정된 생체 반응이 함께 이어지는 흐름이 나타납니다."
participant_1306,v4,"정서는 전 과정에서 “분노로 가득찬 상태”로 유지되며 스트레스는 매우 낮음에서 보통 수준으로 상승합니다. 집중은 매우 높은 수준을 유지하고, 이완은 매우 낮음에서 낮음으로 완만하게 증가합니다. 전체적으로 강한 분노와 높음 수준의 몰입이 지속되는 가운데 생체 반응은 비교적 안정된 구조를 유지한 상태로 요약됩니다."
participant_1311,v1,"초기 단계에서는 “불안한 두려움”이 나타나지만 스트레스는 매우 낮고 집중은 매우 높은 수준으로 정서적 불안과 생체적 안정이 대비되는 패턴이 드러납니다. 마지막 단계에서는 두려움이 “허리까지 차오르는” 수준으로 강화되지만 스트레스가 크게 높아진 반면 흥분과 집중은 낮아져 정서 강도와 생체 반응이 서로 다른 방향으로 움직이는 모순된 흐름이 나타납니다. 이러한 변화는 감정이 증폭될수록 생체 반응은 균일하게 변화하지 않고 일부 지표만 과도하게 반응하는 특성을 보여줍니다."
participant_1311,v2,"초기에는 두려움이 존재해도 스트레스가 매우 낮아 과도한 긴장 없이 높은 집중 상태를 유지한 것으로 보입니다. 이후 단계에서는 스트레스가 높아지지만 흥분·참여 같은 지표는 과도하게 흔들리지 않아 생체 반응의 안정성이 일정 부분 유지됩니다. 마지막 단계에서도 두려움이 확대되었음에도 흥미와 집중이 비교적 높은 수준을 유지하여 감정적 동요 속에서도 회복적 균형이 나타난 것으로 해석됩니다."
participant_1311,v3,"첫 단계에서는 스트레스가 거의 없는 상태에서 높은 집중과 흥분이 결합된 고몰입 기반의 두려움 반응이 나타납니다. 이어지는 단계에서는 충만감이 “불안한” 수준으로 유지되며 생체 지표는 거의 동일한 구조를 유지해 정적 흐름이 이어집니다. 마지막 단계에서는 두려움이 “허리까지 차오르는” 수준으로 증가하고 스트레스는 높아지며 이완은 낮은 수준에 머물지만 참여와 집중은 여전히 높은 편으로 감정적 고조와 생체적 조정이 동시에 이루어지는 흐름이 형성됩니다."
participant_1311,v4,"정서는 “불안한 두려움”에서 “허리까지 차오르는 두려움”으로 상승하고 스트레스는 매우 낮음에서 높음으로 크게 증가합니다. 집중은 매우 높은 수준에서 높음으로 조정되고, 이완은 매우 낮음에서 낮음으로 완만하게 증가합니다. 전체적으로 감정 강도는 강화되지만 생체 반응은 일부 지표만 크게 변화하는 불균등한 구조가 유지된 상태로 요약됩니다."
participant_1410_2,v1,"초기 단계에서는 “기쁜 행복감”이 나타나지만 스트레스는 매우 낮고 이완은 극도로 낮은 반면 흥분과 집중은 매우 높은 수준으로 정서적 고양과 생체 반응이 상반되는 구조가 드러납니다. 중간 단계에서는 이완이 매우 높은 수준으로 급격히 증가하지만 참여와 흥미는 보통 수준에 머물며 지표 간 불균형이 지속됩니다. 마지막 단계에서도 “신나는 행복감”이 나타나지만 생체 지표는 거의 동일하게 유지되어 감정이 크게 확장되는 것과 생체 반응의 고정성이 어긋나는 흐름으로 해석됩니다."
participant_1410_2,v2,"초기에는 매우 낮은 스트레스 속에서 높은 집중과 강한 흥분이 나타나 활력 있는 행복감이 안정적으로 형성된 것으로 보입니다. 중간 단계에서는 이완이 매우 높은 수준으로 상승해 긴장이 완화되고 정서적 안정감이 강화되는 긍정적인 흐름이 확인됩니다. 마지막 단계에서도 “신나는 행복감”이 유지되며 생체 지표가 흔들리지 않아 안정된 긍정 상태가 지속된 것으로 해석됩니다."
participant_1410_2,v3,"첫 단계에서는 행복 정서가 강하게 나타나며 매우 낮은 이완과 매우 높은 집중·흥분이 결합된 고각성 기반의 흐름으로 출발합니다. 이어지는 단계에서는 충만감이 “기쁜” 수준으로 유지되면서 이완이 매우 높은 수준으로 상승하고 흥분은 높은 수준으로 조정되어 반응이 완화된 형태로 이동합니다. 마지막 단계에서는 충만감이 “신나는” 정도로 강화되고 생체 지표는 동일하게 유지되어 정서적 상승과 안정적 생체 반응이 공존하는 흐름이 형성됩니다."
participant_1410_2,v4,"정서는 “기쁜 행복감”에서 “신나는 행복감”으로 변화하며 스트레스는 매우 낮음에서 낮음으로 상승합니다. 집중·흥분은 매우 높은 수준에서 유지되고, 이완은 매우 낮음에서 매우 높음으로 크게 증가합니다. 전체적으로 초기의 긴장 기반 행복감이 안정된 행복감으로 확장되는 형태로 요약됩니다."
participant_1513_2,v1,"초기 단계에서는 “짜증나는 분노”가 제시되지만 모든 생체 지표가 매우 낮아 정서적 표현과 생체 반응이 거의 연결되지 않는 불일치가 두드러집니다. 이후 단계에서도 지표 변화가 없이 동일한 수준을 유지해 감정의 존재 자체가 생체 반응으로 뚜렷하게 전환되지 않는 특성이 지속됩니다. 마지막 단계에서는 “분노로 가득찬 상태”로 감정 강도가 크게 상승했음에도 생체 지표는 매우 낮은 수준에 고정되어 감정 증폭과 생체적 무반응이 상반되는 흐름으로 해석됩니다."
participant_1513_2,v2,"초기 단계에서 분노가 존재함에도 불구하고 스트레스·흥분·집중 등 모든 지표가 매우 낮아 전반적으로 부담이나 긴장이 거의 없는 안정 상태로 판단됩니다. 중간 단계에서도 동일한 수준이 유지되어 감정적 동요가 생체 반응으로 번지지 않는 평온함이 유지됩니다. 마지막 단계에서는 강한 분노 표현이 나타나지만 지표가 흔들리지 않아 생체적 안정성과 자기조절력이 높은 상태로 해석됩니다."
participant_1513_2,v3,"첫 단계에서는 분노 정서가 제시되지만 모든 지표가 매우 낮은 수준으로 유지되어 생체 반응이 거의 일어나지 않은 정적 흐름으로 출발합니다. 이어지는 단계에서도 충만감은 “짜증나는” 정도로 제시되지만 생체 지표는 변화 없이 동일한 안정 구조를 이어갑니다. 마지막 단계에서는 충만감이 “분노로 가득찬” 수준으로 높아지나 생체 반응은 변하지 않아 감정만 상승하고 생체 흐름은 정체된 형태로 전개됩니다."
participant_1513_2,v4,"정서는 “짜증나는 분노”에서 “분노로 가득찬 상태”로 강화되지만 스트레스·흥분·참여·집중·이완은 모두 매우 낮은 수준입니다. 단계 전반에서 지표 변화는 거의 없으며 극도로 안정된 생체 상태가 유지됩니다. 전체적으로 감정 강도만 증가하고 생체 반응은 정체된 형태로 요약됩니다."
participant_1522,v1,"초기 단계에서는 분노 정서가 존재하지만 모든 생체 지표가 매우 낮아 감정의 강도와 생체 반응이 거의 연결되지 않는 명확한 불일치가 나타납니다. 다음 단계에서는 충만감이 “분노로 가득찬 상태”로 크게 상승했음에도 생체 반응은 변하지 않아 감정 증폭 대비 반응 정체가 두드러집니다. 마지막 단계에서는 충만감이 “화나는 분노” 수준으로 완화되지만 지표는 동일하게 매우 낮아 감정 변화가 생체적 반응으로 전혀 표현되지 않는 흐름으로 해석됩니다."
participant_1522,v2,"초기에는 분노가 제시되지만 스트레스와 각종 지표가 모두 매우 낮은 수준이어서 과도한 긴장이나 소모가 없이 안정적으로 반응한 것으로 판단됩니다. 강한 분노 감정이 등장하는 중간 단계에서도 생체 지표가 흔들리지 않아 조절된 상태가 유지됩니다. 마지막 단계에서도 지표는 매우 낮은 수준을 유지해 감정 변화와 관계없이 생체적 안정이 지속되는 긍정적 신호로 해석됩니다."
participant_1522,v3,"첫 단계는 분노 정서가 존재하지만 생체 지표는 모두 매우 낮아 정적이고 안정된 흐름으로 시작됩니다. 이후 단계에서는 충만감이 “분노로 가득찬 상태”로 강화되지만 생체 반응은 변하지 않아 감정만 상승하고 생체 흐름은 그대로 유지됩니다. 마지막 단계에서는 충만감이 “화나는” 정도로 완화되나 지표는 동일한 수준에 머물러 감정 변화와 생체적 반응의 흐름이 분리된 형태로 이어집니다."
participant_1522,v4,"정서는 “분노로 가득찬 상태”에서 “화나는 분노”로 변화하지만 스트레스·흥분·참여·집중·이완 등 모든 지표는 매우 낮은 수준을 유지합니다. 단계 전반에서 생체 반응 변화는 거의 없습니다. 전체적으로 감정 변화는 존재하지만 생체 지표는 고정된 안정 상태로 요약됩니다."
participant_1526,v1,"초기 단계에서는 행복 정서가 존재하지만 매우 낮은 이완과 높은 각성·집중이 함께 나타나 감정적 밝음과 생체 반응이 엇갈리는 패턴이 확인됩니다. 중간 단계에서는 충만감이 “신나는 행복감”으로 크게 상승하고 이완은 매우 높은 수준으로 급등하지만 흥분은 오히려 낮아져 지표 간 불균형이 지속됩니다. 마지막 단계에서도 동일한 정서 강도가 유지되지만 생체 지표는 다시 조정되어 감정의 상승과 생체 반응의 변화 방향이 일치하지 않는 흐름으로 해석됩니다."
participant_1526,v2,"초기 단계에서는 낮은 스트레스 속에서 높은 집중과 각성이 나타나 부담 없는 긍정적 행복감이 형성된 것으로 보입니다. 중간 단계에서는 이완이 매우 높은 수준으로 상승하고 흥미도 크게 증가해 안정감과 활력이 동시에 강화된 긍정적 전환이 확인됩니다. 마지막 단계에서도 스트레스는 낮게 유지되며 전반적인 안정과 행복감이 조화를 이루는 상태가 지속된 것으로 해석됩니다."
participant_1526,v3,"첫 단계에서는 높은 집중과 각성, 낮은 이완이 결합되어 활력 기반의 행복 감정 흐름으로 시작됩니다. 이어지는 단계에서는 충만감이 “신나는” 수준으로 유지되며 이완이 매우 높은 수준으로 급상승하고 흥미도 크게 증가해 반응이 확장되는 변화가 나타납니다. 마지막 단계에서는 충만감이 동일하게 유지되지만 생체 지표가 일부 안정적으로 조정되어 정서적 고조와 생체적 균형이 동시에 유지되는 흐름을 형성합니다."
participant_1526,v4,"정서는 전 과정에서 “신나는 행복감”으로 유지되며 스트레스는 매우 낮음에서 낮음 수준으로 변합니다. 집중은 높음~매우 높음 수준을 유지하고, 이완은 매우 낮음에서 매우 높음으로 상승한 후 높은 수준을 유지합니다. 전체적으로 행복감이 강화되는 가운데 생체 지표는 단계별로 조정되며 안정적 패턴을 형성한 상태로 요약됩니다."
participant_고유슬,v1,"초기 단계에서는 “기쁜 행복감”이 제시되지만 스트레스는 매우 낮고 이완은 극도로 낮은 반면 집중은 매우 높은 수준으로 감정적 안정과 생체 반응이 일치하지 않는 대비가 나타납니다. 중간 단계에서도 정서 강도는 유지되나 지표는 변동이 없어 감정의 존재가 생체 반응으로 충분히 표현되지 않는 불균형이 이어집니다. 마지막 단계에서는 충만감이 “가슴까지 차오르는 기쁜 행복감”으로 상승했음에도 스트레스는 낮고 이완만 크게 증가해 정서적 확장과 생체적 조정 방향이 서로 다르게 움직이는 흐름으로 해석됩니다."
participant_고유슬,v2,"초기에는 매우 낮은 스트레스와 높은 집중이 결합해 밝은 정서가 부담 없이 유지된 것으로 보입니다. 이어지는 단계에서도 모든 지표가 안정적으로 유지되어 긍정적 정서가 흔들림 없이 지속된 안정 상태가 형성됩니다. 마지막 단계에서는 이완이 높아지고 흥미도 상승하며 충만감이 더욱 확장되어 긍정적 회복력과 정서적 안정이 강화된 것으로 해석됩니다."
participant_고유슬,v3,"첫 단계는 행복 정서 속에서 매우 낮은 이완과 높은 집중이 결합된 고몰입 기반의 반응 흐름으로 출발합니다. 중간 단계에서는 충만감이 “기쁜” 수준으로 유지되며 생체 지표가 그대로 유지되어 정적 흐름이 이어집니다. 마지막 단계에서는 충만감이 “가슴까지 차오르는” 정도로 상승하고 이완과 흥미가 높아져 감정적 확장과 생체적 안정화가 동시에 전개되는 흐름을 형성합니다."
participant_고유슬,v4,"정서는 “기쁜 행복감”에서 “가슴까지 차오르는 기쁜 행복감”으로 변화하며 스트레스는 매우 낮음에서 낮음으로 상승합니다. 집중은 매우 높은 수준에서 높음으로 조정되고, 이완은 매우 낮음에서 높음으로 크게 상승합니다. 전체적으로 안정된 몰입과 증가한 이완 속에서 행복감이 점진적으로 확장되는 상태로 요약됩니다."
participant_김수아,v1,"초기 단계에서는 “만족스러운 행복감”이 나타나지만 스트레스는 매우 낮고 이완은 극도로 낮은 반면 흥미와 집중은 매우 높은 수준으로 정서적 안정과 생체 반응이 엇갈리는 대비가 관찰됩니다. 중간 단계에서도 동일한 지표 구조가 유지되어 감정은 존재하나 생체 반응은 균일하게 낮은 긴장 기반에서 고정되는 불균형이 이어집니다. 마지막 단계에서는 충만감이 “가슴까지 차오르는 기쁜 행복감”으로 확대되지만 스트레스는 낮은 수준으로만 상승하고 이완은 보통 수준에 머물러 감정적 상승과 생체 반응의 조정 방향이 다소 어긋나는 흐름으로 해석됩니다."
participant_김수아,v2,"초기에는 매우 낮은 스트레스와 높은 흥미·집중이 함께 나타나 과도한 부담 없이 안정적인 행복감이 형성된 것으로 판단됩니다. 이어지는 단계에서도 지표가 크게 흔들리지 않아 긍정적 정서가 안정된 흐름으로 유지됩니다. 마지막 단계에서는 충만감이 “가슴까지 차오르는” 정도로 증가하고 이완이 보통 수준까지 상승하며 전반적인 안정과 활력이 동시에 강화된 긍정적 신호가 나타납니다."
participant_김수아,v3,"첫 단계에서는 행복 정서가 높은 흥미와 집중, 매우 낮은 이완과 결합되어 각성 기반의 안정 흐름으로 출발합니다. 중간 단계에서는 충만감이 “만족스러운” 수준에 머물며 지표가 그대로 유지되어 정적이고 균일한 생체 흐름이 이어집니다. 마지막 단계에서는 충만감이 “가슴까지 차오르는” 수준으로 상승하면서 이완이 보통 수준으로 조정되고 흥미는 매우 높은 수준으로 유지되어 정서적 확장과 생체적 균형이 함께 이루어지는 흐름이 완성됩니다."
participant_김수아,v4,"정서는 “만족스러운 행복감”에서 “가슴까지 차오르는 기쁜 행복감”으로 상승하고 스트레스는 매우 낮음에서 낮음으로 변합니다. 흥미·집중은 높은 수준에서 유지되고, 이완은 매우 낮음에서 보통 수준으로 완만하게 증가합니다. 전체적으로 강한 흥미 기반의 행복감이 단계적으로 확장되는 상태로 요약됩니다."
participant_백찬율,v1,"초기 단계에서는 “편안한 행복감”이 제시되지만 스트레스와 이완은 매우 낮은 수준에 머무는 반면 집중·흥분은 높은 수준을 보여 감정적 안정과 생체 반응이 엇갈리는 양상이 나타납니다. 중간 단계에서는 감정 강도와 지표가 모두 동일하게 유지되며 정서적 편안함이 생체 반응으로 충분히 반영되지 않는 불균형 구조가 지속됩니다. 마지막 단계에서는 충만감이 “가슴까지 차오르는 기쁜 행복감”으로 상승했지만 스트레스는 낮고 이완은 크게 증가해 감정적 고조와 생체적 변화가 서로 다른 흐름으로 진행된 것으로 해석됩니다."
participant_백찬율,v2,"초기에는 매우 낮은 스트레스 속에서 높은 집중과 적당한 각성이 함께 나타나 부담 없는 긍정적 행복감이 형성된 것으로 판단됩니다. 중간 단계에서도 동일한 지표가 유지되어 정서적 편안함이 고르게 지속되는 안정적 패턴이 나타납니다. 마지막 단계에서는 이완이 높은 수준으로 상승하고 흥미도 강화되면서 충만감이 “가슴까지 차오르는” 정도로 확장되어 긍정적인 안정감이 강화된 상태로 보입니다."
participant_백찬율,v3,"첫 단계에서는 행복 정서가 제시되며 낮은 이완과 높은 집중이 결합된 고몰입 기반의 흐름으로 출발합니다. 이어지는 중간 단계에서는 충만감이 “편안한” 수준으로 유지되며 생체 지표가 거의 변화하지 않아 정적 흐름이 지속됩니다. 마지막 단계에서는 충만감이 “가슴까지 차오르는” 수준으로 증가하고 이완이 높아지며 흥미도 상승해 정서적 확장과 생체적 안정이 함께 강화되는 전환 흐름을 보입니다."
participant_백찬율,v4,"정서는 “편안한 행복감”에서 “가슴까지 차오르는 기쁜 행복감”으로 변화하며 스트레스는 매우 낮음에서 낮음으로 상승합니다. 집중은 지속적으로 높은 수준을 유지하고, 이완은 매우 낮음에서 높음으로 크게 증가합니다. 전체적으로 초기의 몰입 기반 행복감이 점차 안정되고 확장되는 형태로 요약됩니다."
participant_오채연,v1,"초기 단계에서는 “편안한 행복감”이 나타나지만 스트레스는 매우 낮고 이완은 극도로 낮은 반면 집중과 흥분은 높아 감정적 안정과 생체 반응의 강도가 서로 대비됩니다. 중간 단계에서는 스트레스가 낮은 수준으로 증가하고 이완은 보통 수준까지 상승하지만, 높은 집중과 각성이 함께 나타나 생체 지표 간 균형이 완전히 맞춰지지 않습니다. 마지막 단계에서 충만감이 “허리까지 차오르는 편안한 행복감”으로 상승하지만 전반적으로 감정 확장과 생체 반응의 변화 폭이 일치하지 않는 대비가 지속된 것으로 해석됩니다."
participant_오채연,v2,"초기에는 매우 낮은 스트레스와 높은 집중이 결합되어 부담 없이 긍정적인 행복감이 형성된 것으로 보입니다. 중간 단계에서는 이완이 보통 수준으로 상승하고 흥미도 높아지며 정서적 안정감이 강화되는 흐름이 나타납니다. 마지막 단계에서는 충만감이 “허리까지 차오르는” 정도로 확장되고 지표가 안정적으로 유지되어 긍정적인 균형이 이어진 상태로 해석됩니다."
participant_오채연,v3,"첫 단계에서는 낮은 이완과 높은 집중·흥분이 결합된 활력 중심의 행복 흐름으로 출발합니다. 이어지는 단계에서는 충만감이 “편안한” 수준으로 유지되면서 이완이 보통 수준으로 상승하고 흥미도 강화되어 생체 반응의 안정화가 진행됩니다. 마지막 단계에서는 충만감이 “허리까지 차오르는” 상태로 확대되며 높은 집중과 상승된 흥미가 유지되어 정서적 확장과 생체 안정이 동시에 이루어지는 흐름이 완성됩니다."
participant_오채연,v4,"정서는 “편안한 행복감”에서 “허리까지 차오르는 편안한 행복감”으로 변화하며 스트레스는 매우 낮음에서 낮음으로 상승합니다. 집중은 지속적으로 매우 높은 수준을 유지하고, 이완은 매우 낮음에서 보통 수준으로 증가합니다. 전체적으로 높은 몰입과 안정된 이완 속에서 행복감이 부드럽게 확장되는 상태로 요약됩니다."
participant_정연서,v1,"초기 단계에서는 높은 흥미와 집중 속에서 “만족스러운 행복감”이 나타나지만 스트레스와 이완이 모두 매우 낮아 감정적 안정과 생체 반응이 엇갈리는 대비가 관찰됩니다. 중간 단계에서는 이완이 매우 높은 수준으로 급상승하는 반면 흥분과 흥미는 오히려 감소해 지표 간 균형이 불완전하게 유지됩니다. 마지막 단계에서는 충만감이 “가슴까지 차오르는 기쁜 행복감”으로 강화되지만 스트레스는 다시 낮아지고 흥미는 감소해 감정 상승과 생체 반응이 서로 다른 방향으로 변화하는 흐름이 지속됩니다."
participant_정연서,v2,"초기 단계는 매우 낮은 스트레스와 높은 집중이 결합되어 밝고 안정된 행복감이 형성된 상태로 보입니다. 중간 단계에서는 이완이 매우 높은 수준으로 상승해 정서적 안정이 강화되며 과도한 긴장 없이 편안함이 유지됩니다. 마지막 단계에서는 충만감이 크게 확장되고 이완과 몰입도 모두 높은 수준을 유지해 긍정적 안정성과 활력이 동시에 나타난 상태로 해석됩니다."
participant_정연서,v3,"첫 단계에서는 매우 낮은 이완과 높은 집중·흥미가 결합된 각성 기반의 행복 흐름으로 시작됩니다. 이어지는 단계에서는 충만감이 “만족스러운” 수준으로 유지되며 이완이 매우 높은 수준으로 급상승하고 흥분·흥미는 보통 수준으로 조정되어 반응이 안정화됩니다. 마지막 단계에서는 충만감이 “가슴까지 차오르는” 정도로 상승하고 참여와 이완이 모두 높아져 정서적 확장과 생체적 안정이 함께 강화되는 흐름이 나타납니다."
participant_정연서,v4,"정서는 “마 음족스러운 행복감”에서 “가슴까지 차오르는 기쁜 행복감”으로 상승하며 스트레스는 매우 낮음에서 낮음 수준을 유지합니다. 집중은 전 과정에서 높음~매우 높음 수준을 유지하고, 이완은 매우 낮음에서 매우 높음으로 상승해 안정감을 강화합니다. 전체적으로 높은 몰입과 증가한 안정 속에서 행복감이 뚜렷하게 확장되는 상태로 요약됩니다."
participant_1114,v1,"초기 단계에서는 매우 높은 흥미와 집중이 나타나지만 이완은 극도로 낮고 스트레스가 거의 없어 슬픔과 생체 반응이 서로 어긋나는 불일치가 확인됩니다. 중간 단계에서는 “속상한 슬픔”으로 감정이 제시되면서 스트레스는 높게 상승하지만 이완은 낮고 흥미는 크게 감소하여 지표 간 불균형이 더욱 뚜렷해집니다. 마지막 단계에서는 충만감이 “허리까지 차오르는 슬픔”으로 증가했음에도 이완은 낮고 흥미는 다시 매우 높아져 감정의 방향성과 생체 반응이 또다시 서로 다르게 변화하는 모순적 흐름이 이어집니다."
participant_1114,v2,"초기에는 스트레스가 매우 낮고 집중과 흥미가 매우 높아 정서적 슬픔이 드러나기 어려울 만큼 안정된 생체 기반이 유지됩니다. 중간 단계에서는 스트레스가 높아지지만 몰입과 각성은 안정적 수준을 유지하며 감정적 부담이 과도하게 확산되지 않습니다. 마지막 단계에서는 슬픔의 충만감이 확장되었음에도 참여도와 흥미가 높아 안정성과 회복력이 함께 나타난 상태로 해석됩니다."
participant_1114,v3,"첫 단계는 매우 높은 흥미와 집중, 매우 낮은 이완이 결합된 각성 기반 흐름에서 슬픔 정서가 드러나는 구조로 시작됩니다. 이후 단계에서는 충만감이 “속상한” 수준으로 유지되며 스트레스가 높아지고 이완은 낮은 수준에 머물러 긴장감이 강화된 변화가 나타납니다. 마지막 단계에서는 충만감이 “허리까지 차오르는” 슬픔으로 전환되며 스트레스는 보통 수준으로 완화되고 흥미와 참여는 상승하여 정서적 고조와 생체적 조정이 동시에 진행되는 흐름이 형성됩니다."
participant_1114,v4,"정서는 “속상한 슬픔”에서 “허리까지 차오르는 슬픔”으로 상승하며 스트레스는 매우 낮음에서 높음으로 증가한 뒤 보통 수준으로 조정됩니다. 집중은 높음~매우 높음 수준을 유지하고, 이완은 매우 낮음에서 낮음으로 완만하게 증가합니다. 전체적으로 슬픔은 강화되지만 생체 지표는 각기 다른 방향으로 변화하는 복합적 상태로 요약됩니다."
participant_1116,v1,"초기 단계에서는 “만족스러운 행복감”이 나타나지만 모든 생체 지표가 매우 낮아 감정적 표현과 생체 반응이 거의 연결되지 않는 뚜렷한 불일치가 확인됩니다. 중간 단계에서도 충만감은 동일하게 유지되지만 지표 변화가 전혀 없어 감정의 존재가 생체 반응으로 표현되지 않는 불균형이 지속됩니다. 마지막 단계에서 충만감이 “허리까지 차오르는 행복감”으로 상승했음에도 생체 지표는 모두 매우 낮은 수준에 고정되어 감정 변화와 생체적 반응이 서로 다른 방향으로 움직이는 대비가 이어집니다."
participant_1116,v2,"초기에는 모든 지표가 매우 낮은 수준을 유지해 밝은 정서가 나타나더라도 과도한 긴장이나 동요 없이 안정적인 상태로 보입니다. 중간 단계에서도 이러한 안정 상태가 지속되며 감정적 편안함이 생체적으로도 흔들리지 않는 긍정적 구조가 유지됩니다. 마지막 단계에서는 충만감이 증가했음에도 지표가 동일하게 유지되어 감정적 변화가 생체적 부담으로 이어지지 않는 안정적 흐름이 드러납니다."
participant_1116,v3,"첫 단계에서는 매우 낮은 생체 반응 속에서 행복 정서가 제시되며 정적이고 안정된 흐름으로 시작됩니다. 이어지는 단계에서도 충만감이 “만족스러운” 수준에 머물고 생체 지표는 변하지 않아 정서·생체 반응이 모두 고정된 형태로 이어집니다. 마지막 단계에서는 충만감이 “허리까지 차오르는” 수준으로 높아지지만 생체 흐름은 동일하게 유지되어 감정만 단독으로 변화하는 분리된 흐름이 나타납니다."
participant_1116,v4,"정서는 “만족스러운 행복감”에서 “허리까지 차오르는 행복감”으로 변화하지만 스트레스, 집중, 이완, 흥분 등 모든 지표는 매우 낮은 수준에 머물러 변화가 없습니다. 단계 전반에서 생체 반응의 움직임이 거의 나타나지 않습니다. 전체적으로 감정 강도만 증가하고 생체 지표는 정체된 상태로 요약됩니다."
participant_1208_2,v1,"초기 단계에서는 밝은 행복감이 나타나지만 매우 낮은 이완과 매우 높은 흥분·집중이 함께 나타나 정서적 안정과 생체 반응이 다소 어긋나는 대비가 보입니다. 중간 단계에서는 “기쁜 행복감”이 유지되지만 스트레스는 낮은 수준으로 증가하는 반면 이완은 보통 수준으로 상승해 지표 간 변화 방향이 균일하지 않습니다. 마지막 단계에서는 충만감이 “허리까지 차오르는 행복감”으로 조정되지만 흥미와 집중은 매우 높은 수준으로 강화되어 감정적 완화와 생체적 각성의 방향이 서로 다르게 움직이는 흐름이 나타납니다."
participant_1208_2,v2,"초기 단계에서는 매우 낮은 스트레스 속에서 높은 흥미와 집중이 유지되어 활력 있는 행복감이 안정적으로 시작된 상태로 보입니다. 중간 단계에서는 이완이 크게 상승하고 참여도도 높아지며 감정적·생체적 균형이 강화되는 긍정적 흐름이 나타납니다. 마지막 단계에서는 이완이 더 상승하고 흥미가 매우 높은 수준을 유지해 충만감이 자연스럽게 확장된 건강한 긍정 상태로 해석됩니다."
participant_1208_2,v3,"첫 단계는 높은 집중과 강한 각성이 결합된 활력 중심의 행복 흐름으로 출발합니다. 이어지는 단계에서는 충만감이 “기쁜” 수준으로 강화되며 이완이 보통 수준까지 상승하고 흥분이 완만하게 조정되어 생체적 안정화가 이루어집니다. 마지막 단계에서는 충만감이 “허리까지 차오르는” 상태로 변화하며 이완이 추가로 상승하고 흥미는 매우 높은 수준으로 강화되어 정서적 확장과 몰입 유지가 동시에 지속됩니다."
participant_1208_2,v4,"정서는 “기쁜 행복감”에서 “허리까지 차오르는 행복감”으로 변화하며 스트레스는 매우 낮음에서 낮음으로 상승합니다. 집중은 지속적으로 매우 높은 수준을 유지하고, 이완은 매우 낮음에서 보통~높음 수준으로 증가합니다. 전체적으로 높은 몰입과 강한 흥미 속에서 안정된 행복감이 단계적으로 조정되는 형태로 요약됩니다."
participant_1210,v1,"초기 단계에서는 “긴장되는 놀람” 정서가 나타나지만 스트레스는 매우 낮고 이완은 극도로 낮은 반면 몰입과 각성은 높은 수준으로 정서적 놀람과 생체 반응이 완전히 일치하지 않는 양상이 보입니다. 이후 단계에서도 동일한 수치 구조가 유지되어 놀람 감정이 생체적 긴장으로 이어지지 않는 불균형이 지속됩니다. 마지막 단계에서는 충만감이 “어이가 없는 놀람”으로 약화되었음에도 스트레스만 높아지고 이완은 여전히 매우 낮아 정서적 완화와 생체적 반응이 서로 다른 방향으로 움직이는 모순적 흐름이 나타납니다."
participant_1210,v2,"초기에는 놀람 정서가 있더라도 스트레스는 매우 낮고 집중과 몰입이 높은 수준으로 유지되어 안정적인 인지 기반이 형성된 것으로 보입니다. 중간 단계에서도 지표 변화가 없어 놀람이 큰 생체적 부담으로 확산되지 않는 안정적 흐름이 이어집니다. 마지막 단계에서는 스트레스가 상승하지만 집중·흥미가 높은 편으로 유지되며 감정적 요동 속에서도 균형이 보존된 긍정적 신호가 확인됩니다."
participant_1210,v3,"첫 단계에서는 매우 낮은 이완과 높은 집중·참여가 결합된 각성 기반의 놀람 흐름으로 시작됩니다. 이어지는 단계에서는 충만감이 “긴장되는” 수준으로 유지되며 지표가 거의 변화하지 않아 정적 흐름이 이어집니다. 마지막 단계에서는 충만감이 “어이가 없는” 정도로 낮아지는 가운데 스트레스가 높아지고 흥미가 증가해 감정적 전환과 생체적 조정이 동시에 발생하는 변화 흐름이 나타납니다."
participant_1210,v4,"정서는 “긴장되는 놀람”에서 “어이가 없는 놀람”으로 변화하며 스트레스는 매우 낮음에서 높음으로 크게 상승합니다. 집중과 흥분은 높은 수준을 유지하고, 이완은 매우 낮은 상태에서 소폭 증가합니다. 전체적으로 놀람의 강도는 약해지지만 생체 지표는 스트레스 중심으로 변화하는 상태로 요약됩니다."
participant_1218_2,v1,"초기 단계에서는 “만족스러운 행복감”이 제시되지만 모든 생체 지표가 매우 낮아 감정적 표현과 생체 반응이 거의 연결되지 않는 뚜렷한 불일치가 나타납니다. 이어지는 단계에서도 충만감은 동일하게 유지되지만 생체 지표는 변화가 없어 감정이 생체적 흐름에 반영되지 않는 불균형이 지속됩니다. 마지막 단계에서는 충만감이 “신나는 행복감”으로 크게 상승했음에도 생체 지표는 매우 낮은 수준으로 고정되어 감정의 확장과 생체 반응이 전혀 일치하지 않는 모순적 패턴으로 해석됩니다."
participant_1218_2,v2,"초기에는 모든 지표가 매우 낮아 밝은 정서가 나타나도 생체적 부담이나 긴장이 거의 없는 안정된 상태로 판단됩니다. 중간 단계에서도 동일한 안정 상태가 유지되어 감정적 변화가 생체 반응을 흔들지 않는 평온한 흐름이 이어집니다. 마지막 단계에서는 충만감이 크게 확장되었지만 지표는 안정적으로 유지되어 정서적 고조와 생체적 안정이 동시에 존재하는 긍정적 구조가 형성됩니다."
participant_1218_2,v3,"첫 단계에서는 매우 낮은 생체 반응 속에서 행복 감정이 제시되며 정적이고 흔들림 없는 흐름으로 시작됩니다. 이어지는 단계에서도 충만감이 “만족스러운” 수준에 머물고 지표 변화가 없어 정서·생체 흐름이 고정된 상태로 이어집니다. 마지막 단계에서는 충만감이 “신나는” 수준으로 상승하지만 생체 지표는 그대로 유지되어 감정만 단독으로 확장되는 분리된 흐름이 나타납니다."
participant_1218_2,v4,"정서는 “만족스러운 행복감”에서 “신나는 행복감”으로 상승하지만 스트레스·집중·몰입·이완 등 모든 지표는 매우 낮은 수준에서 변동이 없습니다. 단계 전반에서 생체 반응의 움직임은 거의 없으며 정서적 변화가 생체적 흐름에 반영되지 않습니다. 전체적으로 감정 강도만 증가하고 생체 지표는 정체된 상태로 요약됩니다."
participant_1308,v1,"초기 단계에서는 이완이 매우 낮은 반면 집중과 흥분이 매우 높은 수준을 보이며 “기쁜 행복감”과 생체 반응이 완전히 조화를 이루지 않는 대비가 나타납니다. 중간 단계에서는 충만감이 “기쁜 행복감”으로 상승하지만 흥분은 낮아지고 이완은 크게 증가하여 감정 고양과 생체 반응의 변화 방향이 서로 엇갈리는 양상이 발생합니다. 마지막 단계에서는 충만감이 “신나는 행복감”으로 강화되었음에도 생체 지표가 그대로 유지되어 감정의 확장과 생체 반응의 정체가 함께 나타나는 모순적 흐름이 지속됩니다."
participant_1308,v2,"초기에는 매우 낮은 스트레스 속에서 높은 집중과 강한 흥분이 결합되어 활력 있는 행복감이 안정적으로 시작된 것으로 보입니다. 중간 단계에서는 이완이 높아지고 참여도가 증가해 감정적 활력과 생체적 안정이 함께 강화되는 긍정적 흐름이 나타납니다. 마지막 단계에서는 높은 몰입과 안정된 지표가 유지되며 행복감이 자연스럽게 확장된 균형 있는 상태로 해석됩니다."
participant_1308,v3,"첫 단계에서는 높은 집중과 강한 각성이 결합된 각성 기반의 행복 흐름으로 출발합니다. 이어지는 단계에서는 충만감이 “기쁜” 수준으로 상승하며 이완이 크게 증가하고 흥분은 다소 완화되어 생체적 조정 흐름이 나타납니다. 마지막 단계에서는 충만감이 “신나는” 상태로 확장되며 생체 지표는 안정적으로 유지되어 감정적 상승과 생체적 고정이 함께 형성되는 흐름을 보입니다."
participant_1308,v4,"정서는 “기쁜 행복감”에서 “신나는 행복감”으로 상승하며 스트레스는 매우 낮음에서 낮음으로 조정됩니다. 집중과 흥분은 매우 높은 수준을 유지하고, 이완은 매우 낮음에서 높음으로 크게 증가합니다. 전체적으로 높은 몰입과 상승된 안정 속에서 행복감이 강화되는 상태로 요약됩니다."
participant_김성윤,v1,"초기 단계에서는 매우 높은 흥미와 높은 집중 속에서 “만족스러운 행복감”이 나타나지만 이완이 극도로 낮아 감정적 안정과 생체 반응이 완전히 일치하지 않는 대비가 드러납니다. 이후 단계에서도 충만감은 동일하게 유지되지만 생체 지표는 거의 변하지 않아 정서적 편안함이 생체적 흐름에 충분히 반영되지 않습니다. 마지막 단계에서는 충만감이 “가슴까지 차오르는 기쁜 행복감”으로 상승했음에도 흥미는 감소하고 이완은 매우 높아져 감정적 상승과 생체 반응 변화의 방향성이 서로 다르게 움직이는 모순적 흐름이 나타납니다."
participant_김성윤,v2,"초기 단계에서는 매우 낮은 스트레스와 높은 흥미·집중이 결합되어 부담 없는 밝은 행복감이 형성된 것으로 보입니다. 중간 단계에서도 지표가 흔들리지 않아 안정감과 편안함이 유지된 긍정적 흐름이 지속됩니다. 마지막 단계에서는 이완이 매우 높은 수준으로 상승하고 충만감이 확대되어 정서적 안정과 생체적 여유가 함께 강화된 긍정적 상태로 해석됩니다."
participant_김성윤,v3,"첫 단계에서는 낮은 이완과 높은 집중·흥미가 결합된 각성 기반의 행복 흐름으로 시작됩니다. 이어지는 단계에서는 충만감이 “만족스러운” 수준으로 유지되며 생체 지표가 그대로 유지되어 정적인 반응 흐름이 이어집니다. 마지막 단계에서는 충만감이 “가슴까지 차오르는” 정도로 상승하며 이완이 크게 증가하고 흥분은 높음 수준을 유지해 감정적 확장과 생체적 안정이 함께 진행되는 흐름으로 전개됩니다."
participant_김성윤,v4,"정서는 “만족스러운 행복감”에서 “가슴까지 차오르는 기쁜 행복감”으로 상승하며 스트레스는 매우 낮음에서 낮음으로 변합니다. 집중은 높은 수준을 유지하고, 이완은 매우 낮음에서 매우 높음으로 크게 증가합니다. 전체적으로 초기의 고흥미 기반 행복감이 안정과 확장 흐름으로 전환되는 상태로 요약됩니다."
participant_우지호,v1,"초기 단계에서는 “절망적인 슬픔”이 제시되지만 스트레스는 매우 낮고 이완은 극도로 낮은 반면 흥미와 집중은 매우 높은 수준으로 감정적 무거움과 생체 반응이 크게 엇갈립니다. 중간 단계에서도 동일한 지표가 유지되어 강렬한 슬픔이 생체 반응으로 거의 전환되지 않는 불일치가 지속됩니다. 마지막 단계에서는 스트레스가 보통 이상으로 크게 상승하고 흥미는 감소했음에도 충만감은 동일하게 유지되어 감정 강도와 생체적 변화의 방향성이 어긋나는 모순적 흐름이 나타납니다."
participant_우지호,v2,"초기에는 매우 낮은 스트레스 속에서도 높은 집중과 흥미가 유지되어 슬픔이 존재함에도 심리적 기반은 안정적으로 유지된 것으로 보입니다. 중간 단계에서도 지표가 그대로 유지되어 정서적 무거움이 생체적 부담으로 확장되지 않는 균형이 이어집니다. 마지막 단계에서는 스트레스가 상승하지만 집중과 참여도는 높은 수준을 유지하여 감정적 어려움 속에서도 일정한 안정성과 회복 가능성이 보입니다."
participant_우지호,v3,"첫 단계에서는 높은 흥미와 집중, 매우 낮은 이완이 결합된 각성 기반의 슬픔 흐름으로 시작됩니다. 이어지는 중간 단계에서는 충만감이 “절망적인” 수준으로 유지되며 생체 지표가 거의 변하지 않아 정적인 반응 구조가 지속됩니다. 마지막 단계에서는 스트레스가 보통 이상으로 상승하고 이완은 낮은 수준으로 증가하며 흥미는 감소해 감정적 고조와 생체적 조정이 동시에 나타나는 전환 흐름을 보입니다."
participant_우지호,v4,"정서는 전 과정에서 “절망적인 슬픔”으로 유지되며 스트레스는 매우 낮음에서 보통~높음 수준으로 상승합니다. 집중은 매우 높음에서 높음으로 조정되고, 이완은 매우 낮음에서 낮음으로 상승합니다. 전체적으로 강렬한 슬픔이 지속되는 가운데 생체 지표는 단계별로 서로 다른 방향으로 변동하는 복합적 상태로 요약됩니다."
participant_조소린,v1,"초기 단계에서는 “걱정되는 슬픔”이 나타나지만 모든 생체 지표가 매우 낮아 감정적 표현과 생체 반응이 거의 연결되지 않는 명확한 불일치가 드러납니다. 중간 단계에서도 동일한 지표가 반복되어 감정의 존재가 생체적 반응으로 전혀 투영되지 않는 불균형이 유지됩니다. 마지막 단계에서는 충만감이 “절망적인 슬픔”으로 극대화되었음에도 생체 지표는 변동 없이 매우 낮은 수준에 머물러 정서적 고조와 생체적 무반응이라는 대비가 더욱 극명해집니다."
participant_조소린,v2,"초기에는 슬픔이 존재하더라도 모든 지표가 매우 낮아 과도한 긴장이나 부담 없이 안정된 생체 상태가 유지된 것으로 해석됩니다. 중간 단계에서도 이러한 안정이 유지되어 감정적 불편함이 생체적 스트레스로 이어지지 않는 긍정적 구조가 나타납니다. 마지막 단계에서도 생체 지표는 흔들리지 않아 강한 슬픔 속에서도 내적 안정 기반이 유지되는 것으로 판단됩니다."
participant_조소린,v3,"첫 단계에서는 매우 낮은 생체 반응 속에서 “걱정되는 슬픔”이 제시되어 정적이고 변화가 없는 흐름으로 시작됩니다. 이어지는 단계에서도 충만감이 동일하게 유지되고 지표 변화가 없어 정서·생체 흐름이 고정된 상태로 이어집니다. 마지막 단계에서는 충만감이 “절망적인” 수준으로 급격히 상승하지만 생체 반응은 동일하게 유지되어 감정만 독립적으로 강화되는 흐름이 나타납니다."
participant_조소린,v4,"정서는 “걱정되는 슬픔”에서 “절망적인 슬픔”으로 변화하지만 스트레스, 집중, 이완, 흥분 등 모든 지표는 매우 낮은 수준에서 움직임이 없습니다. 단계별 변화는 감정 강도에만 존재하며 생체 지표는 정적으로 유지됩니다. 전체적으로 감정적 고조와 생체적 정체가 공존하는 상태로 요약됩니다."
participant_1_4,v1,"초기 단계에서는 “깜짝 놀란 놀람”이 제시되지만 모든 생체 지표가 매우 낮아 정서적 놀람과 생체 반응이 거의 연결되지 않는 뚜렷한 불일치가 나타납니다. 중간 단계에서도 충만감은 상승했음에도 생체 지표는 동일하여 감정 변화가 생체적 흐름으로 전혀 반영되지 않는 모순적 구조가 유지됩니다. 마지막 단계에서는 “충격적인 놀람”으로 감정 강도가 극대화되지만 생체 반응은 여전히 매우 낮아 감정적 고조와 생체적 무반응이 극명하게 대비됩니다."
participant_1_4,v2,"초기에는 놀람이 존재하더라도 모든 지표가 매우 낮아 생체적 부담 없이 안정적인 상태가 유지된 것으로 보입니다. 중간 단계에서도 생체 지표의 흔들림이 없어 정서적 변화가 긴장으로 이어지지 않는 긍정적 평온이 지속됩니다. 마지막 단계에서도 충격적인 놀람이 나타났음에도 지표는 안정적으로 유지되어 감정적 동요 속에서도 내적 균형이 보존된 상태로 해석됩니다."
participant_1_4,v3,"첫 단계에서는 매우 낮은 생체 반응 속에 놀람 정서가 제시되며 정적이고 움직임이 없는 흐름으로 시작됩니다. 이어지는 단계에서는 충만감이 “깜짝 놀란” 수준으로 강화되지만 지표는 변하지 않아 정서·생체 흐름이 고정된 구조를 유지합니다. 마지막 단계에서는 충만감이 “충격적인” 단계로 상승하나 생체 반응은 그대로 정체되어 감정만 독립적으로 커지는 흐름이 발생합니다."
participant_1_4,v4,"정서는 “깜짝 놀란 놀람”에서 “충격적인 놀람”으로 상승하지만 스트레스·집중·이완·흥분 등 모든 지표는 매우 낮은 수준에서 변화가 없습니다. 전체 과정에서 생체적 변화는 거의 없는 정적 상태입니다. 결과적으로 감정 강도만 증가하고 생체 반응은 정체된 상태로 요약됩니다."
participant_1_5,v1,"초기 단계에서는 “기쁜 행복감”이 나타나지만 스트레스와 이완은 매우 낮은 반면 흥미와 집중은 매우 높은 수준을 보여 감정적 밝음과 생체 반응이 완전히 일치하지 않는 대비가 나타납니다. 중간 단계에서도 충만감이 동일하게 유지되지만 지표가 변화하지 않아 감정이 생체 흐름으로 충분히 반영되지 않는 불균형 구조가 지속됩니다. 마지막 단계에서는 충만감이 “허리까지 차오르는 편안한 행복감”으로 조정되지만 이완은 매우 높게 증가하고 흥미는 크게 낮아져 감정 변화와 생체 반응의 조정 방향이 서로 다른 흐름으로 나타납니다."
participant_1_5,v2,"초기에는 매우 낮은 스트레스 속에서 높은 집중과 흥미가 유지되어 밝고 활력 있는 행복감이 안정적으로 형성된 것으로 보입니다. 중간 단계에서도 지표가 변하지 않아 긍정적 정서가 생체적으로도 균형 있게 유지됩니다. 마지막 단계에서는 이완이 크게 상승하고 집중도 매우 높은 수준을 지속해 정서적 안정과 생체적 여유가 함께 강화된 긍정적 상태가 확인됩니다."
participant_1_5,v3,"첫 단계에서는 높은 집중과 강한 각성이 결합된 활력 기반의 행복 흐름으로 시작됩니다. 이어지는 단계에서는 충만감이 “기쁜” 수준으로 유지되며 생체 지표가 그대로 유지되어 정적인 흐름이 이어집니다. 마지막 단계에서는 충만감이 “허리까지 차오르는” 수준으로 변화하고 이완이 매우 높은 수준으로 상승하며 흥미는 감소해 정서적 완화와 생체적 안정이 동시에 이루어지는 전환 흐름이 나타납니다."
participant_1_5,v4,"정서는 “기쁜 행복감”에서 “허리까지 차오르는 편안한 행복감”으로 변화하며 스트레스는 매우 낮음에서 낮음으로 완만하게 상승합니다. 집중은 매우 높은 수준을 유지하고, 이완은 매우 낮음에서 매우 높음으로 크게 증가합니다. 전체적으로 높은 몰입 기반의 행복감이 안정과 여유의 방향으로 조정되는 형태로 요약됩니다."